Level1,Level2,Level3,Employment,Mean_Hourly_Wage,Mean_Annual_Wage,Hourly_Wage
Management occupations,,,"10,966,830",68.15,"141,760",58.70
Management occupations,Top executives.....................................................................,,"3,822,780",67.24,"139,860",50.48
Management occupations,Top executives.....................................................................,Chief executives..................................................................,"211,850",126.41,"262,930",99.24
Management occupations,Top executives.....................................................................,General and operations managers...................................................,"3,584,420",64.00,"133,120",49.50
Management occupations,Top executives.....................................................................,Legislators.......................................................................,"26,510",(²),"67,390",(²)
Management occupations,"Advertising, marketing, promotions, public relations, and sales managers...........",,"1,122,770",78.72,"163,740",69.48
Management occupations,"Advertising, marketing, promotions, public relations, and sales managers...........",Advertising and promotions managers...............................................,"21,100",71.76,"149,270",61.04
Management occupations,"Advertising, marketing, promotions, public relations, and sales managers...........",Marketing and sales managers......................................................,"988,680",79.35,"165,050",71.57
Management occupations,"Advertising, marketing, promotions, public relations, and sales managers...........",Marketing managers...............................................................,"384,980",82.46,"171,520",77.42
Management occupations,"Advertising, marketing, promotions, public relations, and sales managers...........",Sales managers...................................................................,"603,710",77.37,"160,930",66.38
Management occupations,"Advertising, marketing, promotions, public relations, and sales managers...........",Public relations and fundraising managers.........................................,"112,980",74.49,"154,950",63.88
Management occupations,"Advertising, marketing, promotions, public relations, and sales managers...........",Public relations managers........................................................,"76,060",78.61,"163,520",66.60
Management occupations,"Advertising, marketing, promotions, public relations, and sales managers...........",Fundraising managers.............................................................,"36,920",66.01,"137,290",59.36
Management occupations,Operations specialties managers....................................................,,"2,669,000",77.21,"160,590",67.46
Management occupations,Operations specialties managers....................................................,Administrative services and facilities managers...................................,"395,230",58.62,"121,920",51.39
Management occupations,Operations specialties managers....................................................,Administrative services managers.................................................,"254,140",60.59,"126,030",52.11
Management occupations,Operations specialties managers....................................................,Facilities managers..............................................................,"141,090",55.06,"114,520",50.33
Management occupations,Operations specialties managers....................................................,Computer and information systems managers.........................................,"645,970",90.38,"187,990",82.31
Management occupations,Operations specialties managers....................................................,Financial managers................................................................,"818,620",86.76,"180,470",77.74
Management occupations,Operations specialties managers....................................................,Industrial production managers....................................................,"234,380",62.11,"129,180",58.39
Management occupations,Operations specialties managers....................................................,Purchasing managers...............................................................,"81,240",72.42,"150,630",67.07
Management occupations,Operations specialties managers....................................................,"Transportation, storage, and distribution managers................................","213,000",55.77,"116,010",49.05
Management occupations,Operations specialties managers....................................................,Compensation and benefits managers................................................,"20,070",75.11,"156,230",67.48
Management occupations,Operations specialties managers....................................................,Human resources managers..........................................................,"215,520",77.15,"160,480",67.32
Management occupations,Operations specialties managers....................................................,Training and development managers.................................................,"44,960",67.59,"140,590",61.10
Management occupations,Other management occupations.......................................................,,"3,352,280",58.44,"121,560",50.01
Management occupations,Other management occupations.......................................................,"Farmers, ranchers, and other agricultural managers................................","5,910",46.75,"97,240",42.30
Management occupations,Other management occupations.......................................................,Construction managers.............................................................,"348,330",57.53,"119,660",51.43
Management occupations,Other management occupations.......................................................,Education and childcare administrators............................................,"621,000",52.63,"109,470",48.39
Management occupations,Other management occupations.......................................................,"Education and childcare administrators, preschool and daycare....................","71,620",30.12,"62,640",27.05
Management occupations,Other management occupations.......................................................,"Education administrators, kindergarten through secondary.........................","319,630",(²),"113,360",(²)
Management occupations,Other management occupations.......................................................,"Education administrators, postsecondary..........................................","176,420",59.83,"124,450",49.98
Management occupations,Other management occupations.......................................................,"Education administrators, all other..............................................","53,330",47.82,"99,460",42.81
Management occupations,Other management occupations.......................................................,Architectural and engineering managers............................................,"210,340",84.48,"175,710",80.64
Management occupations,Other management occupations.......................................................,Food service managers.............................................................,"244,230",34.79,"72,370",31.40
Management occupations,Other management occupations.......................................................,Entertainment and recreation managers.............................................,"41,320",42.68,"88,780",37.33
Management occupations,Other management occupations.......................................................,Gambling managers................................................................,"4,620",49.27,"102,480",41.14
Management occupations,Other management occupations.......................................................,"Entertainment and recreation managers, except gambling...........................","36,700",41.86,"87,060",37.11
Management occupations,Other management occupations.......................................................,Lodging managers..................................................................,"41,350",37.24,"77,460",32.76
Management occupations,Other management occupations.......................................................,Medical and health services managers..............................................,"565,840",66.22,"137,730",56.71
Management occupations,Other management occupations.......................................................,Natural sciences managers.........................................................,"100,870",83.41,"173,500",77.49
Management occupations,Other management occupations.......................................................,Postmasters and mail superintendents..............................................,"13,810",45.08,"93,760",44.58
Management occupations,Other management occupations.......................................................,"Property, real estate, and community association managers.........................","296,640",39.77,"82,720",32.07
Management occupations,Other management occupations.......................................................,Social and community service managers.............................................,"195,490",41.39,"86,100",37.61
Management occupations,Other management occupations.......................................................,Emergency management directors....................................................,"12,570",46.97,"97,700",41.41
Management occupations,Other management occupations.......................................................,Personal service managers.........................................................,"23,610",37.97,"78,970",33.92
Management occupations,Other management occupations.......................................................,Funeral home managers............................................................,"13,120",41.18,"85,650",36.94
Management occupations,Other management occupations.......................................................,"Personal service managers, all other.............................................","10,490",33.95,"70,620",29.49
Management occupations,Other management occupations.......................................................,"Managers, all other...............................................................","630,980",72.06,"149,890",65.65
Business and financial operations occupations,,,"10,351,440",45.04,"93,680",38.90
Business and financial operations occupations,Business operations specialists....................................................,,"7,318,320",43.76,"91,020",38.66
Business and financial operations occupations,Business operations specialists....................................................,"Agents and business managers of artists, performers, and athletes.................","14,220",79.62,"165,600",46.30
Business and financial operations occupations,Business operations specialists....................................................,Buyers and purchasing agents......................................................,"486,900",39.29,"81,720",36.37
Business and financial operations occupations,Business operations specialists....................................................,"Claims adjusters, appraisers, examiners, and investigators........................","312,810",37.85,"78,720",36.92
Business and financial operations occupations,Business operations specialists....................................................,"Claims adjusters, examiners, and investigators...................................","305,020",37.87,"78,770",36.92
Business and financial operations occupations,Business operations specialists....................................................,"Insurance appraisers, auto damage................................................","7,790",37.04,"77,050",36.85
Business and financial operations occupations,Business operations specialists....................................................,Compliance officers...............................................................,"397,770",40.86,"84,980",37.70
Business and financial operations occupations,Business operations specialists....................................................,Cost estimators...................................................................,"219,530",39.98,"83,160",37.05
Business and financial operations occupations,Business operations specialists....................................................,Human resources workers...........................................................,"982,460",38.88,"80,860",35.68
Business and financial operations occupations,Business operations specialists....................................................,Human resources specialists......................................................,"917,460",38.33,"79,730",35.05
Business and financial operations occupations,Business operations specialists....................................................,Farm labor contractors...........................................................,410,24.96,"51,910",23.41
Business and financial operations occupations,Business operations specialists....................................................,Labor relations specialists......................................................,"64,590",46.70,"97,130",44.95
Business and financial operations occupations,Business operations specialists....................................................,Logisticians and project management specialists...................................,"1,241,800",50.10,"104,210",47.15
Business and financial operations occupations,Business operations specialists....................................................,Logisticians.....................................................................,"235,640",42.12,"87,600",38.89
Business and financial operations occupations,Business operations specialists....................................................,Project management specialists...................................................,"1,006,160",51.97,"108,100",48.44
Business and financial operations occupations,Business operations specialists....................................................,Management analysts...............................................................,"893,900",55.15,"114,710",48.65
Business and financial operations occupations,Business operations specialists....................................................,"Meeting, convention, and event planners...........................................","134,670",31.29,"65,090",28.58
Business and financial operations occupations,Business operations specialists....................................................,Fundraisers.......................................................................,"105,930",35.16,"73,130",31.97
Business and financial operations occupations,Business operations specialists....................................................,"Compensation, benefits, and job analysis specialists..............................","102,370",39.86,"82,920",37.03
Business and financial operations occupations,Business operations specialists....................................................,Training and development specialists..............................................,"436,610",35.46,"73,760",31.66
Business and financial operations occupations,Business operations specialists....................................................,Market research analysts and marketing specialists................................,"861,140",41.58,"86,480",37.00
Business and financial operations occupations,Business operations specialists....................................................,"Business operations specialists, all other........................................","1,128,200",44.41,"92,380",39.07
Business and financial operations occupations,Financial specialists..............................................................,,"3,033,120",48.12,"100,090",39.49
Business and financial operations occupations,Financial specialists..............................................................,Accountants and auditors..........................................................,"1,448,290",44.96,"93,520",39.27
Business and financial operations occupations,Financial specialists..............................................................,Property appraisers and assessors.................................................,"59,070",37.10,"77,160",31.45
Business and financial operations occupations,Financial specialists..............................................................,Budget analysts...................................................................,"47,170",45.15,"93,920",42.27
Business and financial operations occupations,Financial specialists..............................................................,Credit analysts...................................................................,"67,370",47.14,"98,040",38.93
Business and financial operations occupations,Financial specialists..............................................................,Financial analysts and advisors...................................................,"775,200",61.74,"128,420",48.07
Business and financial operations occupations,Financial specialists..............................................................,Financial and investment analysts................................................,"340,580",56.01,"116,490",48.73
Business and financial operations occupations,Financial specialists..............................................................,Personal financial advisors......................................................,"270,480",77.02,"160,210",49.11
Business and financial operations occupations,Financial specialists..............................................................,Insurance underwriters...........................................................,"107,820",43.67,"90,830",38.40
Business and financial operations occupations,Financial specialists..............................................................,Financial risk specialists.......................................................,"56,320",57.66,"119,930",50.96
Business and financial operations occupations,Financial specialists..............................................................,Financial examiners...............................................................,"62,830",49.83,"103,650",43.46
Business and financial operations occupations,Financial specialists..............................................................,Credit counselors and loan officers...............................................,"318,640",40.08,"83,360",33.19
Business and financial operations occupations,Financial specialists..............................................................,Credit counselors................................................................,"28,110",26.87,"55,890",24.27
Business and financial operations occupations,Financial specialists..............................................................,Loan officers....................................................................,"290,530",41.35,"86,020",35.66
Business and financial operations occupations,Financial specialists..............................................................,"Tax examiners, collectors and preparers, and revenue agents.......................","127,100",30.06,"62,530",27.00
Business and financial operations occupations,Financial specialists..............................................................,"Tax examiners and collectors, and revenue agents.................................","53,530",32.49,"67,570",28.72
Business and financial operations occupations,Financial specialists..............................................................,Tax preparers....................................................................,"73,570",28.30,"58,860",24.31
Business and financial operations occupations,Financial specialists..............................................................,"Financial specialists, all other..................................................","127,450",45.14,"93,890",38.55
Computer and mathematical occupations,,,"5,192,890",56.16,"116,810",50.89
Computer and mathematical occupations,Computer occupations...............................................................,,"4,786,660",56.14,"116,770",50.96
Computer and mathematical occupations,Computer occupations...............................................................,Computer and information analysts.................................................,"677,230",55.83,"116,130",51.39
Computer and mathematical occupations,Computer occupations...............................................................,Computer systems analysts........................................................,"497,800",53.83,"111,960",49.90
Computer and mathematical occupations,Computer occupations...............................................................,Information security analysts....................................................,"179,430",61.41,"127,730",60.05
Computer and mathematical occupations,Computer occupations...............................................................,Computer and information research scientists......................................,"38,480",73.23,"152,310",67.74
Computer and mathematical occupations,Computer occupations...............................................................,Computer support specialists......................................................,"843,660",32.47,"67,530",29.59
Computer and mathematical occupations,Computer occupations...............................................................,Computer network support specialists.............................................,"146,450",38.27,"79,610",35.26
Computer and mathematical occupations,Computer occupations...............................................................,Computer user support specialists................................................,"697,210",31.25,"64,990",29.01
Computer and mathematical occupations,Computer occupations...............................................................,Database and network administrators and architects................................,"633,540",55.69,"115,840",51.67
Computer and mathematical occupations,Computer occupations...............................................................,Computer network architects......................................................,"177,010",65.33,"135,890",62.69
Computer and mathematical occupations,Computer occupations...............................................................,Database administrators..........................................................,"73,180",51.65,"107,440",50.30
Computer and mathematical occupations,Computer occupations...............................................................,Database architects..............................................................,"64,770",68.57,"142,620",65.37
Computer and mathematical occupations,Computer occupations...............................................................,Network and computer systems administrators......................................,"318,570",48.65,"101,190",46.54
Computer and mathematical occupations,Computer occupations...............................................................,"Software and web developers, programmers, and testers.............................","2,154,370",65.34,"135,910",62.17
Computer and mathematical occupations,Computer occupations...............................................................,Computer programmers.............................................................,"109,870",49.83,"103,640",47.44
Computer and mathematical occupations,Computer occupations...............................................................,Software developers..............................................................,"1,654,440",69.50,"144,570",63.98
Computer and mathematical occupations,Computer occupations...............................................................,Software quality assurance analysts and testers..................................,"199,800",53.01,"110,260",49.33
Computer and mathematical occupations,Computer occupations...............................................................,Web developers...................................................................,"78,860",47.50,"98,790",43.72
Computer and mathematical occupations,Computer occupations...............................................................,Web and digital interface designers..............................................,"111,400",53.58,"111,450",47.16
Computer and mathematical occupations,Computer occupations...............................................................,"Computer occupations, all other...................................................","439,380",56.11,"116,700",52.39
Computer and mathematical occupations,Mathematical science occupations...................................................,,"406,230",56.34,"117,190",50.30
Computer and mathematical occupations,Mathematical science occupations...................................................,Actuaries.........................................................................,"28,340",64.90,"134,990",60.47
Computer and mathematical occupations,Mathematical science occupations...................................................,Mathematicians....................................................................,"2,220",58.91,"122,520",58.50
Computer and mathematical occupations,Mathematical science occupations...................................................,Operations research analysts......................................................,"107,760",47.66,"99,120",43.89
Computer and mathematical occupations,Mathematical science occupations...................................................,Statisticians.....................................................................,"29,800",54.01,"112,330",49.66
Computer and mathematical occupations,Mathematical science occupations...................................................,Data scientists...................................................................,"233,440",59.90,"124,590",54.13
Computer and mathematical occupations,Mathematical science occupations...................................................,"Mathematical science occupations, all other.......................................","4,660",40.72,"84,700",34.37
Architecture and engineering occupations,,,"2,567,210",49.99,"103,980",46.79
Architecture and engineering occupations,"Architects, surveyors, and cartographers...........................................",,"196,590",44.87,"93,330",39.90
Architecture and engineering occupations,"Architects, surveyors, and cartographers...........................................","Architects, except naval..........................................................","130,720",48.60,"101,090",45.20
Architecture and engineering occupations,"Architects, surveyors, and cartographers...........................................","Architects, except landscape and naval...........................................","111,140",49.71,"103,390",46.49
Architecture and engineering occupations,"Architects, surveyors, and cartographers...........................................",Landscape architects.............................................................,"19,580",42.31,"88,000",38.30
Architecture and engineering occupations,"Architects, surveyors, and cartographers...........................................","Surveyors, cartographers, and photogrammetrists...................................","65,870",37.46,"77,920",35.64
Architecture and engineering occupations,"Architects, surveyors, and cartographers...........................................",Cartographers and photogrammetrists..............................................,"12,790",39.84,"82,860",37.68
Architecture and engineering occupations,"Architects, surveyors, and cartographers...........................................",Surveyors........................................................................,"53,080",36.89,"76,730",34.97
Architecture and engineering occupations,Engineers..........................................................................,,"1,746,750",56.13,"116,760",50.99
Architecture and engineering occupations,Engineers..........................................................................,Aerospace engineers...............................................................,"68,440",67.88,"141,180",64.82
Architecture and engineering occupations,Engineers..........................................................................,Agricultural engineers............................................................,"1,680",40.50,"84,240",40.69
Architecture and engineering occupations,Engineers..........................................................................,Bioengineers and biomedical engineers.............................................,"21,860",55.30,"115,020",51.42
Architecture and engineering occupations,Engineers..........................................................................,Chemical engineers................................................................,"20,330",61.75,"128,430",58.59
Architecture and engineering occupations,Engineers..........................................................................,Civil engineers...................................................................,"355,410",51.47,"107,050",47.88
Architecture and engineering occupations,Engineers..........................................................................,Computer hardware engineers.......................................................,"75,710",75.37,"156,770",74.53
Architecture and engineering occupations,Engineers..........................................................................,Electrical and electronics engineers..............................................,"282,740",60.00,"124,810",57.11
Architecture and engineering occupations,Engineers..........................................................................,Electrical engineers.............................................................,"188,790",58.16,"120,980",53.80
Architecture and engineering occupations,Engineers..........................................................................,"Electronics engineers, except computer...........................................","93,940",63.70,"132,500",61.34
Architecture and engineering occupations,Engineers..........................................................................,Environmental engineers...........................................................,"37,950",53.16,"110,570",50.08
Architecture and engineering occupations,Engineers..........................................................................,"Industrial engineers, including health and safety.................................","373,440",52.05,"108,260",48.79
Architecture and engineering occupations,Engineers..........................................................................,"Health and safety engineers, except mining safety engineers and inspectors.......","23,220",54.70,"113,770",52.72
Architecture and engineering occupations,Engineers..........................................................................,Industrial engineers.............................................................,"350,230",51.87,"107,900",48.63
Architecture and engineering occupations,Engineers..........................................................................,Marine engineers and naval architects.............................................,"8,440",56.10,"116,680",50.80
Architecture and engineering occupations,Engineers..........................................................................,Materials engineers...............................................................,"22,770",55.95,"116,380",52.07
Architecture and engineering occupations,Engineers..........................................................................,Mechanical engineers..............................................................,"286,760",52.92,"110,080",49.19
Architecture and engineering occupations,Engineers..........................................................................,"Mining and geological engineers, including mining safety engineers................","6,770",52.37,"108,940",48.57
Architecture and engineering occupations,Engineers..........................................................................,Nuclear engineers.................................................................,"14,740",64.89,"134,980",61.31
Architecture and engineering occupations,Engineers..........................................................................,Petroleum engineers...............................................................,"18,970",73.83,"153,560",67.92
Architecture and engineering occupations,Engineers..........................................................................,"Engineers, all other..............................................................","150,750",58.52,"121,720",56.61
Architecture and engineering occupations,"Drafters, engineering technicians, and mapping technicians.........................",,"623,870",34.39,"71,540",31.92
Architecture and engineering occupations,"Drafters, engineering technicians, and mapping technicians.........................",Drafters..........................................................................,"185,470",34.02,"70,760",31.44
Architecture and engineering occupations,"Drafters, engineering technicians, and mapping technicians.........................",Architectural and civil drafters.................................................,"109,550",33.11,"68,860",30.90
Architecture and engineering occupations,"Drafters, engineering technicians, and mapping technicians.........................",Electrical and electronics drafters..............................................,"20,020",37.48,"77,960",35.44
Architecture and engineering occupations,"Drafters, engineering technicians, and mapping technicians.........................",Mechanical drafters..............................................................,"39,900",35.59,"74,040",32.94
Architecture and engineering occupations,"Drafters, engineering technicians, and mapping technicians.........................","Drafters, all other..............................................................","16,010",31.99,"66,530",29.81
Architecture and engineering occupations,"Drafters, engineering technicians, and mapping technicians.........................","Engineering technologists and technicians, except drafters........................","381,680",35.63,"74,100",33.69
Architecture and engineering occupations,"Drafters, engineering technicians, and mapping technicians.........................",Aerospace engineering and operations technologists and technicians...............,"9,060",41.50,"86,330",38.38
Architecture and engineering occupations,"Drafters, engineering technicians, and mapping technicians.........................",Civil engineering technologists and technicians..................................,"62,130",32.91,"68,450",30.86
Architecture and engineering occupations,"Drafters, engineering technicians, and mapping technicians.........................",Electrical and electronic engineering technologists and technicians..............,"92,710",37.78,"78,580",37.11
Architecture and engineering occupations,"Drafters, engineering technicians, and mapping technicians.........................",Electro-mechanical and mechatronics technologists and technicians................,"14,680",36.40,"75,710",34.02
Architecture and engineering occupations,"Drafters, engineering technicians, and mapping technicians.........................",Environmental engineering technologists and technicians..........................,"12,500",30.32,"63,070",28.31
Architecture and engineering occupations,"Drafters, engineering technicians, and mapping technicians.........................",Industrial engineering technologists and technicians.............................,"73,410",33.55,"69,780",31.15
Architecture and engineering occupations,"Drafters, engineering technicians, and mapping technicians.........................",Mechanical engineering technologists and technicians.............................,"37,450",34.83,"72,450",33.04
Architecture and engineering occupations,"Drafters, engineering technicians, and mapping technicians.........................",Calibration technologists and technicians........................................,"15,320",34.18,"71,080",31.27
Architecture and engineering occupations,"Drafters, engineering technicians, and mapping technicians.........................","Engineering technologists and technicians, except drafters, all other............","64,410",38.34,"79,740",37.21
Architecture and engineering occupations,"Drafters, engineering technicians, and mapping technicians.........................",Surveying and mapping technicians.................................................,"56,720",27.35,"56,890",24.97
"Life, physical, and social science occupations",,,"1,446,770",43.12,"89,690",37.97
"Life, physical, and social science occupations",Life scientists....................................................................,,"374,670",49.03,"101,980",43.51
"Life, physical, and social science occupations",Life scientists....................................................................,Agricultural and food scientists..................................................,"33,440",42.59,"88,590",37.87
"Life, physical, and social science occupations",Life scientists....................................................................,Animal scientists................................................................,"2,470",50.47,"104,970",38.04
"Life, physical, and social science occupations",Life scientists....................................................................,Food scientists and technologists................................................,"14,370",44.32,"92,190",41.02
"Life, physical, and social science occupations",Life scientists....................................................................,Soil and plant scientists........................................................,"16,600",39.92,"83,040",34.33
"Life, physical, and social science occupations",Life scientists....................................................................,Biological scientists.............................................................,"130,910",48.43,"100,730",44.88
"Life, physical, and social science occupations",Life scientists....................................................................,Biochemists and biophysicists....................................................,"34,520",55.56,"115,570",49.83
"Life, physical, and social science occupations",Life scientists....................................................................,Microbiologists..................................................................,"19,760",45.77,"95,200",41.98
"Life, physical, and social science occupations",Life scientists....................................................................,Zoologists and wildlife biologists...............................................,"16,920",37.46,"77,920",35.03
"Life, physical, and social science occupations",Life scientists....................................................................,"Biological scientists, all other.................................................","59,710",48.29,"100,440",44.87
"Life, physical, and social science occupations",Life scientists....................................................................,Conservation scientists and foresters.............................................,"35,250",35.77,"74,410",33.20
"Life, physical, and social science occupations",Life scientists....................................................................,Conservation scientists..........................................................,"25,590",35.73,"74,310",32.67
"Life, physical, and social science occupations",Life scientists....................................................................,Foresters........................................................................,"9,650",35.90,"74,670",33.97
"Life, physical, and social science occupations",Life scientists....................................................................,Medical scientists................................................................,"167,760",53.57,"111,430",47.97
"Life, physical, and social science occupations",Life scientists....................................................................,Epidemiologists..................................................................,"11,460",45.27,"94,160",40.38
"Life, physical, and social science occupations",Life scientists....................................................................,"Medical scientists, except epidemiologists.......................................","156,300",54.18,"112,690",48.36
"Life, physical, and social science occupations",Life scientists....................................................................,"Life scientists, all other........................................................","7,320",49.01,"101,940",42.21
"Life, physical, and social science occupations",Physical scientists................................................................,,"259,000",50.03,"104,070",44.59
"Life, physical, and social science occupations",Physical scientists................................................................,Astronomers and physicists........................................................,"22,900",78.77,"163,850",79.95
"Life, physical, and social science occupations",Physical scientists................................................................,Astronomers......................................................................,"1,560",64.63,"134,430",63.54
"Life, physical, and social science occupations",Physical scientists................................................................,Physicists.......................................................................,"21,340",79.81,"166,000",79.95
"Life, physical, and social science occupations",Physical scientists................................................................,Atmospheric and space scientists..................................................,"8,780",49.99,"103,980",46.85
"Life, physical, and social science occupations",Physical scientists................................................................,Chemists and materials scientists.................................................,"91,580",46.80,"97,350",41.64
"Life, physical, and social science occupations",Physical scientists................................................................,Chemists.........................................................................,"83,250",46.13,"95,940",40.46
"Life, physical, and social science occupations",Physical scientists................................................................,Materials scientists.............................................................,"8,330",53.56,"111,410",50.08
"Life, physical, and social science occupations",Physical scientists................................................................,Environmental scientists and geoscientists........................................,"113,160",45.02,"93,630",39.74
"Life, physical, and social science occupations",Physical scientists................................................................,"Environmental scientists and specialists, including health.......................","84,930",42.62,"88,640",38.49
"Life, physical, and social science occupations",Physical scientists................................................................,"Geoscientists, except hydrologists and geographers...............................","22,510",53.52,"111,310",47.71
"Life, physical, and social science occupations",Physical scientists................................................................,Hydrologists.....................................................................,"5,720",47.18,"98,130",44.26
"Life, physical, and social science occupations",Physical scientists................................................................,"Physical scientists, all other....................................................","22,580",59.17,"123,070",56.71
"Life, physical, and social science occupations",Social scientists and related workers..............................................,,"279,960",48.70,"101,290",44.66
"Life, physical, and social science occupations",Social scientists and related workers..............................................,Economists........................................................................,"15,880",62.94,"130,910",55.50
"Life, physical, and social science occupations",Social scientists and related workers..............................................,Survey researchers................................................................,"7,720",35.32,"73,470",30.47
"Life, physical, and social science occupations",Social scientists and related workers..............................................,Psychologists.....................................................................,"154,860",49.09,"102,100",45.34
"Life, physical, and social science occupations",Social scientists and related workers..............................................,Industrial-organizational psychologists..........................................,"1,050",64.62,"134,400",52.81
"Life, physical, and social science occupations",Social scientists and related workers..............................................,Clinical and counseling psychologists............................................,"72,190",51.37,"106,850",46.07
"Life, physical, and social science occupations",Social scientists and related workers..............................................,School psychologists.............................................................,"63,830",45.01,"93,610",41.79
"Life, physical, and social science occupations",Social scientists and related workers..............................................,"Psychologists, all other.........................................................","17,790",53.53,"111,340",56.53
"Life, physical, and social science occupations",Social scientists and related workers..............................................,Sociologists......................................................................,"2,950",53.69,"111,670",48.89
"Life, physical, and social science occupations",Social scientists and related workers..............................................,Urban and regional planners.......................................................,"43,040",43.14,"89,730",40.25
"Life, physical, and social science occupations",Social scientists and related workers..............................................,Miscellaneous social scientists and related workers...............................,"55,510",49.44,"102,840",46.47
"Life, physical, and social science occupations",Social scientists and related workers..............................................,Anthropologists and archeologists................................................,"8,070",34.17,"71,070",31.21
"Life, physical, and social science occupations",Social scientists and related workers..............................................,Geographers......................................................................,"1,380",47.19,"98,160",46.73
"Life, physical, and social science occupations",Social scientists and related workers..............................................,Historians.......................................................................,"3,140",37.73,"78,470",35.60
"Life, physical, and social science occupations",Social scientists and related workers..............................................,Political scientists.............................................................,"5,950",66.15,"137,600",67.01
"Life, physical, and social science occupations",Social scientists and related workers..............................................,"Social scientists and related workers, all other.................................","36,970",51.17,"106,440",48.24
"Life, physical, and social science occupations","Life, physical, and social science technicians.....................................",,"373,260",29.42,"61,200",26.83
"Life, physical, and social science occupations","Life, physical, and social science technicians.....................................",Agricultural and food science technicians.........................................,"28,550",25.01,"52,030",23.31
"Life, physical, and social science occupations","Life, physical, and social science technicians.....................................",Agricultural technicians.........................................................,"14,340",23.88,"49,680",22.49
"Life, physical, and social science occupations","Life, physical, and social science technicians.....................................",Food science technicians.........................................................,"14,200",26.15,"54,400",23.76
"Life, physical, and social science occupations","Life, physical, and social science technicians.....................................",Biological technicians............................................................,"76,190",27.89,"58,020",25.00
"Life, physical, and social science occupations","Life, physical, and social science technicians.....................................",Chemical technicians..............................................................,"55,640",29.47,"61,300",27.78
"Life, physical, and social science occupations","Life, physical, and social science technicians.....................................",Environmental science and geoscience technicians..................................,"52,030",27.63,"57,470",23.89
"Life, physical, and social science occupations","Life, physical, and social science technicians.....................................","Environmental science and protection technicians, including health...............","39,390",27.29,"56,770",23.79
"Life, physical, and social science occupations","Life, physical, and social science technicians.....................................","Geological technicians, except hydrologic technicians............................","9,710",27.99,"58,220",23.27
"Life, physical, and social science occupations","Life, physical, and social science technicians.....................................",Hydrologic technicians...........................................................,"2,940",30.97,"64,410",28.16
"Life, physical, and social science occupations","Life, physical, and social science technicians.....................................",Nuclear technicians...............................................................,"5,990",48.43,"100,730",50.11
"Life, physical, and social science occupations","Life, physical, and social science technicians.....................................",Social science research assistants................................................,"32,940",30.56,"63,560",27.90
"Life, physical, and social science occupations","Life, physical, and social science technicians.....................................",Forest and conservation technicians...............................................,"31,080",27.24,"56,660",26.11
"Life, physical, and social science occupations","Life, physical, and social science technicians.....................................","Miscellaneous life, physical, and social science technicians......................","90,840",32.17,"66,910",29.60
"Life, physical, and social science occupations","Life, physical, and social science technicians.....................................",Forensic science technicians.....................................................,"19,450",36.18,"75,260",32.42
"Life, physical, and social science occupations","Life, physical, and social science technicians.....................................","Life, physical, and social science technicians, all other........................","71,400",31.08,"64,640",28.91
"Life, physical, and social science occupations",Occupational health and safety specialists and technicians.........................,,"159,880",40.27,"83,770",37.93
"Life, physical, and social science occupations",Occupational health and safety specialists and technicians.........................,Occupational health and safety specialists and technicians........................,"159,880",40.27,"83,770",37.93
"Life, physical, and social science occupations",Occupational health and safety specialists and technicians.........................,Occupational health and safety specialists.......................................,"128,430",42.63,"88,660",40.34
"Life, physical, and social science occupations",Occupational health and safety specialists and technicians.........................,Occupational health and safety technicians.......................................,"31,450",30.67,"63,800",28.10
Community and social service occupations,,,"2,569,630",30.31,"63,030",27.66
Community and social service occupations,"Counselors, social workers, and other community and social service specialists.....",,"2,477,920",30.28,"62,980",27.64
Community and social service occupations,"Counselors, social workers, and other community and social service specialists.....",Counselors........................................................................,"970,870",31.91,"66,370",28.94
Community and social service occupations,"Counselors, social workers, and other community and social service specialists.....","Educational, guidance, and career counselors and advisors........................","342,350",34.38,"71,520",31.32
Community and social service occupations,"Counselors, social workers, and other community and social service specialists.....",Marriage and family therapists...................................................,"65,870",34.96,"72,720",30.66
Community and social service occupations,"Counselors, social workers, and other community and social service specialists.....",Rehabilitation counselors........................................................,"88,930",24.64,"51,260",22.17
Community and social service occupations,"Counselors, social workers, and other community and social service specialists.....","Substance abuse, behavioral disorder, and mental health counselors...............","440,380",31.30,"65,100",28.46
Community and social service occupations,"Counselors, social workers, and other community and social service specialists.....","Counselors, all other............................................................","33,340",27.92,"58,070",23.96
Community and social service occupations,"Counselors, social workers, and other community and social service specialists.....",Social workers....................................................................,"759,740",32.23,"67,050",29.49
Community and social service occupations,"Counselors, social workers, and other community and social service specialists.....","Child, family, and school social workers.........................................","382,960",30.25,"62,920",28.16
Community and social service occupations,"Counselors, social workers, and other community and social service specialists.....",Healthcare social workers........................................................,"185,940",34.63,"72,030",32.74
Community and social service occupations,"Counselors, social workers, and other community and social service specialists.....",Mental health and substance abuse social workers.................................,"125,910",32.83,"68,290",28.88
Community and social service occupations,"Counselors, social workers, and other community and social service specialists.....","Social workers, all other........................................................","64,940",35.91,"74,680",33.40
Community and social service occupations,"Counselors, social workers, and other community and social service specialists.....",Miscellaneous community and social service specialists............................,"747,300",26.18,"54,460",23.46
Community and social service occupations,"Counselors, social workers, and other community and social service specialists.....",Health education specialists.....................................................,"65,150",34.47,"71,700",30.29
Community and social service occupations,"Counselors, social workers, and other community and social service specialists.....",Probation officers and correctional treatment specialists........................,"86,820",34.39,"71,530",31.02
Community and social service occupations,"Counselors, social workers, and other community and social service specialists.....",Social and human service assistants..............................................,"424,220",22.64,"47,090",21.69
Community and social service occupations,"Counselors, social workers, and other community and social service specialists.....",Community health workers.........................................................,"60,730",26.91,"55,970",24.54
Community and social service occupations,"Counselors, social workers, and other community and social service specialists.....","Community and social service specialists, all other..............................","110,390",28.06,"58,360",26.41
Community and social service occupations,Religious workers..................................................................,,"91,710",30.94,"64,360",28.16
Community and social service occupations,Religious workers..................................................................,Clergy............................................................................,"58,080",32.29,"67,160",29.24
Community and social service occupations,Religious workers..................................................................,"Directors, religious activities and education.....................................","21,460",31.27,"65,040",26.37
Community and social service occupations,Religious workers..................................................................,"Religious workers, all other......................................................","12,170",23.96,"49,830",21.69
Legal occupations,,,"1,273,410",66.19,"137,680",48.07
Legal occupations,"Lawyers, judges, and related workers...............................................",,"810,640",85.37,"177,570",69.25
Legal occupations,"Lawyers, judges, and related workers...............................................",Lawyers and judicial law clerks...................................................,"760,970",86.92,"180,790",71.44
Legal occupations,"Lawyers, judges, and related workers...............................................",Lawyers..........................................................................,"747,750",87.86,"182,760",72.67
Legal occupations,"Lawyers, judges, and related workers...............................................",Judicial law clerks..............................................................,"13,220",33.58,"69,850",29.04
Legal occupations,"Lawyers, judges, and related workers...............................................","Judges, magistrates, and other judicial workers...................................","49,670",61.63,"128,190",59.24
Legal occupations,"Lawyers, judges, and related workers...............................................","Administrative law judges, adjudicators, and hearing officers....................","16,230",58.95,"122,620",55.40
Legal occupations,"Lawyers, judges, and related workers...............................................","Arbitrators, mediators, and conciliators.........................................","7,860",43.83,"91,170",32.55
Legal occupations,"Lawyers, judges, and related workers...............................................","Judges, magistrate judges, and magistrates.......................................","25,580",68.80,"143,110",75.10
Legal occupations,Legal support workers..............................................................,,"462,770",32.60,"67,810",29.30
Legal occupations,Legal support workers..............................................................,Paralegals and legal assistants...................................................,"367,220",31.98,"66,510",29.33
Legal occupations,Legal support workers..............................................................,Miscellaneous legal support workers...............................................,"95,550",35.00,"72,800",29.11
Legal occupations,Legal support workers..............................................................,"Title examiners, abstractors, and searchers......................................","48,170",28.65,"59,600",26.43
Legal occupations,Legal support workers..............................................................,"Legal support workers, all other.................................................","47,380",41.45,"86,220",33.06
Educational instruction and library occupations,,,"8,947,710",31.69,"65,900",28.47
Educational instruction and library occupations,Postsecondary teachers.............................................................,,"1,396,300",(²),"102,410",(²)
Educational instruction and library occupations,Postsecondary teachers.............................................................,"Business teachers, postsecondary..................................................","81,780",(²),"113,840",(²)
Educational instruction and library occupations,Postsecondary teachers.............................................................,"Math and computer science teachers, postsecondary.................................","85,060",(²),"98,400",(²)
Educational instruction and library occupations,Postsecondary teachers.............................................................,"Computer science teachers, postsecondary.........................................","36,240",(²),"105,830",(²)
Educational instruction and library occupations,Postsecondary teachers.............................................................,"Mathematical science teachers, postsecondary.....................................","48,820",(²),"92,880",(²)
Educational instruction and library occupations,Postsecondary teachers.............................................................,"Engineering and architecture teachers, postsecondary..............................","49,030",(²),"117,670",(²)
Educational instruction and library occupations,Postsecondary teachers.............................................................,"Architecture teachers, postsecondary.............................................","9,120",(²),"110,360",(²)
Educational instruction and library occupations,Postsecondary teachers.............................................................,"Engineering teachers, postsecondary..............................................","39,910",(²),"119,340",(²)
Educational instruction and library occupations,Postsecondary teachers.............................................................,"Life sciences teachers, postsecondary.............................................","63,270",(²),"100,900",(²)
Educational instruction and library occupations,Postsecondary teachers.............................................................,"Agricultural sciences teachers, postsecondary....................................","8,700",(²),"97,790",(²)
Educational instruction and library occupations,Postsecondary teachers.............................................................,"Biological science teachers, postsecondary.......................................","53,250",(²),"101,340",(²)
Educational instruction and library occupations,Postsecondary teachers.............................................................,"Forestry and conservation science teachers, postsecondary........................","1,310",(²),"103,780",(²)
Educational instruction and library occupations,Postsecondary teachers.............................................................,"Physical sciences teachers, postsecondary.........................................","52,580",(²),"105,460",(²)
Educational instruction and library occupations,Postsecondary teachers.............................................................,"Atmospheric, earth, marine, and space sciences teachers, postsecondary...........","11,480",(²),"112,950",(²)
Educational instruction and library occupations,Postsecondary teachers.............................................................,"Chemistry teachers, postsecondary................................................","20,390",(²),"103,030",(²)
Educational instruction and library occupations,Postsecondary teachers.............................................................,"Environmental science teachers, postsecondary....................................","7,130",(²),"100,360",(²)
Educational instruction and library occupations,Postsecondary teachers.............................................................,"Physics teachers, postsecondary..................................................","13,590",(²),"105,460",(²)
Educational instruction and library occupations,Postsecondary teachers.............................................................,"Social sciences teachers, postsecondary...........................................","121,090",(²),"100,440",(²)
Educational instruction and library occupations,Postsecondary teachers.............................................................,"Anthropology and archeology teachers, postsecondary..............................","5,260",(²),"102,530",(²)
Educational instruction and library occupations,Postsecondary teachers.............................................................,"Area, ethnic, and cultural studies teachers, postsecondary.......................","11,430",(²),"97,350",(²)
Educational instruction and library occupations,Postsecondary teachers.............................................................,"Economics teachers, postsecondary................................................","12,420",(²),"133,140",(²)
Educational instruction and library occupations,Postsecondary teachers.............................................................,"Geography teachers, postsecondary................................................","3,290",(²),"99,020",(²)
Educational instruction and library occupations,Postsecondary teachers.............................................................,"Political science teachers, postsecondary........................................","17,170",(²),"105,160",(²)
Educational instruction and library occupations,Postsecondary teachers.............................................................,"Psychology teachers, postsecondary...............................................","41,610",(²),"93,530",(²)
Educational instruction and library occupations,Postsecondary teachers.............................................................,"Sociology teachers, postsecondary................................................","12,380",(²),"97,270",(²)
Educational instruction and library occupations,Postsecondary teachers.............................................................,"Social sciences teachers, postsecondary, all other...............................","17,540",(²),"92,950",(²)
Educational instruction and library occupations,Postsecondary teachers.............................................................,"Health teachers, postsecondary....................................................","303,970",(²),"125,490",(²)
Educational instruction and library occupations,Postsecondary teachers.............................................................,"Health specialties teachers, postsecondary.......................................","229,720",(²),"137,900",(²)
Educational instruction and library occupations,Postsecondary teachers.............................................................,"Nursing instructors and teachers, postsecondary..................................","74,250",(²),"87,090",(²)
Educational instruction and library occupations,Postsecondary teachers.............................................................,"Education and library science teachers, postsecondary.............................","63,190",(²),"78,870",(²)
Educational instruction and library occupations,Postsecondary teachers.............................................................,"Education teachers, postsecondary................................................","59,090",(²),"78,500",(²)
Educational instruction and library occupations,Postsecondary teachers.............................................................,"Library science teachers, postsecondary..........................................","4,100",(²),"84,320",(²)
Educational instruction and library occupations,Postsecondary teachers.............................................................,"Law, criminal justice, and social work teachers, postsecondary....................","49,710",(²),"109,320",(²)
Educational instruction and library occupations,Postsecondary teachers.............................................................,"Criminal justice and law enforcement teachers, postsecondary.....................","13,560",(²),"84,820",(²)
Educational instruction and library occupations,Postsecondary teachers.............................................................,"Law teachers, postsecondary......................................................","22,800",(²),"139,950",(²)
Educational instruction and library occupations,Postsecondary teachers.............................................................,"Social work teachers, postsecondary..............................................","13,350",(²),"81,880",(²)
Educational instruction and library occupations,Postsecondary teachers.............................................................,"Arts, communications, history, and humanities teachers, postsecondary.............","248,620",(²),"94,900",(²)
Educational instruction and library occupations,Postsecondary teachers.............................................................,"Art, drama, and music teachers, postsecondary....................................","97,890",(²),"102,240",(²)
Educational instruction and library occupations,Postsecondary teachers.............................................................,"Communications teachers, postsecondary...........................................","29,260",(²),"90,340",(²)
Educational instruction and library occupations,Postsecondary teachers.............................................................,"English language and literature teachers, postsecondary..........................","59,590",(²),"90,400",(²)
Educational instruction and library occupations,Postsecondary teachers.............................................................,"Foreign language and literature teachers, postsecondary..........................","21,170",(²),"87,670",(²)
Educational instruction and library occupations,Postsecondary teachers.............................................................,"History teachers, postsecondary..................................................","19,860",(²),"93,710",(²)
Educational instruction and library occupations,Postsecondary teachers.............................................................,"Philosophy and religion teachers, postsecondary..................................","20,840",(²),"88,210",(²)
Educational instruction and library occupations,Postsecondary teachers.............................................................,Miscellaneous postsecondary teachers..............................................,"278,000",(²),"83,780",(²)
Educational instruction and library occupations,Postsecondary teachers.............................................................,"Family and consumer sciences teachers, postsecondary.............................","2,630",(²),"84,450",(²)
Educational instruction and library occupations,Postsecondary teachers.............................................................,"Recreation and fitness studies teachers, postsecondary...........................","12,680",(²),"87,980",(²)
Educational instruction and library occupations,Postsecondary teachers.............................................................,"Career/technical education teachers, postsecondary...............................","111,150",33.03,"68,710",29.56
Educational instruction and library occupations,Postsecondary teachers.............................................................,"Postsecondary teachers, all other................................................","151,530",(²),"94,470",(²)
Educational instruction and library occupations,"Preschool, elementary, middle, secondary, and special education teachers...........",,"4,321,590",(²),"68,130",(²)
Educational instruction and library occupations,"Preschool, elementary, middle, secondary, and special education teachers...........",Preschool and kindergarten teachers...............................................,"559,490",22.44,"46,680",19.27
Educational instruction and library occupations,"Preschool, elementary, middle, secondary, and special education teachers...........","Preschool teachers, except special education.....................................","445,080",19.93,"41,450",17.85
Educational instruction and library occupations,"Preschool, elementary, middle, secondary, and special education teachers...........","Kindergarten teachers, except special education..................................","114,410",(²),"67,020",(²)
Educational instruction and library occupations,"Preschool, elementary, middle, secondary, and special education teachers...........",Elementary and middle school teachers.............................................,"2,027,880",(²),"69,860",(²)
Educational instruction and library occupations,"Preschool, elementary, middle, secondary, and special education teachers...........","Elementary school teachers, except special education.............................","1,393,310",(²),"69,790",(²)
Educational instruction and library occupations,"Preschool, elementary, middle, secondary, and special education teachers...........","Middle school teachers, except special and career/technical education............","620,370",(²),"70,040",(²)
Educational instruction and library occupations,"Preschool, elementary, middle, secondary, and special education teachers...........","Career/technical education teachers, middle school...............................","14,200",(²),"68,690",(²)
Educational instruction and library occupations,"Preschool, elementary, middle, secondary, and special education teachers...........",Secondary school teachers.........................................................,"1,176,990",(²),"73,420",(²)
Educational instruction and library occupations,"Preschool, elementary, middle, secondary, and special education teachers...........","Secondary school teachers, except special and career/technical education.........","1,072,540",(²),"73,700",(²)
Educational instruction and library occupations,"Preschool, elementary, middle, secondary, and special education teachers...........","Career/technical education teachers, secondary school............................","104,450",(²),"70,550",(²)
Educational instruction and library occupations,"Preschool, elementary, middle, secondary, and special education teachers...........",Special education teachers........................................................,"557,240",(²),"72,230",(²)
Educational instruction and library occupations,"Preschool, elementary, middle, secondary, and special education teachers...........","Special education teachers, preschool............................................","28,200",(²),"72,610",(²)
Educational instruction and library occupations,"Preschool, elementary, middle, secondary, and special education teachers...........","Special education teachers, kindergarten and elementary school...................","231,570",(²),"70,150",(²)
Educational instruction and library occupations,"Preschool, elementary, middle, secondary, and special education teachers...........","Special education teachers, middle school........................................","95,330",(²),"72,310",(²)
Educational instruction and library occupations,"Preschool, elementary, middle, secondary, and special education teachers...........","Special education teachers, secondary school.....................................","162,780",(²),"74,610",(²)
Educational instruction and library occupations,"Preschool, elementary, middle, secondary, and special education teachers...........","Special education teachers, all other............................................","39,350",(²),"74,180",(²)
Educational instruction and library occupations,Other teachers and instructors.....................................................,,"1,125,750",24.65,"51,270",21.26
Educational instruction and library occupations,Other teachers and instructors.....................................................,language instructors.............................................................,"36,260",31.09,"64,660",28.82
Educational instruction and library occupations,Other teachers and instructors.....................................................,Self-enrichment teachers..........................................................,"308,520",25.64,"53,330",21.92
Educational instruction and library occupations,Other teachers and instructors.....................................................,"Substitute teachers, short-term...................................................","481,300",21.60,"44,930",18.50
Educational instruction and library occupations,Other teachers and instructors.....................................................,Tutors............................................................................,"174,660",22.97,"47,780",19.27
Educational instruction and library occupations,Other teachers and instructors.....................................................,"Teachers and instructors, all other...............................................","125,010",(²),"71,610",(²)
Educational instruction and library occupations,"Librarians, curators, and archivists...............................................",,"238,010",28.95,"60,220",27.45
Educational instruction and library occupations,"Librarians, curators, and archivists...............................................","Archivists, curators, and museum technicians......................................","32,400",30.24,"62,900",27.45
Educational instruction and library occupations,"Librarians, curators, and archivists...............................................",Archivists.......................................................................,"7,050",32.51,"67,620",29.60
Educational instruction and library occupations,"Librarians, curators, and archivists...............................................",Curators.........................................................................,"12,280",33.68,"70,060",29.70
Educational instruction and library occupations,"Librarians, curators, and archivists...............................................",Museum technicians and conservators..............................................,"13,070",25.78,"53,630",22.82
Educational instruction and library occupations,"Librarians, curators, and archivists...............................................",Librarians and media collections specialists......................................,"131,830",33.26,"69,180",30.92
Educational instruction and library occupations,"Librarians, curators, and archivists...............................................",Library technicians...............................................................,"73,770",20.70,"43,050",19.22
Educational instruction and library occupations,Other educational instruction and library occupations..............................,,"1,866,060",(²),"42,980",(²)
Educational instruction and library occupations,Other educational instruction and library occupations..............................,Farm and home management educators................................................,"10,260",29.07,"60,470",27.94
Educational instruction and library occupations,Other educational instruction and library occupations..............................,Instructional coordinators........................................................,"210,850",37.31,"77,600",35.92
Educational instruction and library occupations,Other educational instruction and library occupations..............................,Teaching assistants...............................................................,"1,530,310",(²),"37,140",(²)
Educational instruction and library occupations,Other educational instruction and library occupations..............................,"Teaching assistants, postsecondary...............................................","155,010",(²),"47,560",(²)
Educational instruction and library occupations,Other educational instruction and library occupations..............................,"Teaching assistants, except postsecondary........................................","1,375,300",(²),"35,960",(²)
Educational instruction and library occupations,Other educational instruction and library occupations..............................,"Educational instruction and library workers, all other............................","114,640",26.78,"55,700",23.27
"Arts, design, entertainment, sports, and media occupations",,,"2,098,690",37.04,"77,040",28.91
"Arts, design, entertainment, sports, and media occupations",Art and design workers.............................................................,,"681,550",32.56,"67,730",25.57
"Arts, design, entertainment, sports, and media occupations",Art and design workers.............................................................,Artists and related workers.......................................................,"93,390",53.25,"110,770",47.63
"Arts, design, entertainment, sports, and media occupations",Art and design workers.............................................................,Art directors....................................................................,"50,370",61.59,"128,100",53.38
"Arts, design, entertainment, sports, and media occupations",Art and design workers.............................................................,Craft artists....................................................................,"4,370",21.80,"45,340",18.50
"Arts, design, entertainment, sports, and media occupations",Art and design workers.............................................................,"Fine artists, including painters, sculptors, and illustrators....................","10,000",36.76,"76,450",29.12
"Arts, design, entertainment, sports, and media occupations",Art and design workers.............................................................,Special effects artists and animators............................................,"21,280",52.94,"110,110",47.98
"Arts, design, entertainment, sports, and media occupations",Art and design workers.............................................................,"Artists and related workers, all other...........................................","7,370",38.22,"79,490",34.98
"Arts, design, entertainment, sports, and media occupations",Art and design workers.............................................................,Designers.........................................................................,"588,160",29.28,"60,890",23.57
"Arts, design, entertainment, sports, and media occupations",Art and design workers.............................................................,Commercial and industrial designers..............................................,"30,250",42.31,"88,000",38.20
"Arts, design, entertainment, sports, and media occupations",Art and design workers.............................................................,Fashion designers................................................................,"20,910",58.86,"122,430",38.79
"Arts, design, entertainment, sports, and media occupations",Art and design workers.............................................................,Floral designers.................................................................,"40,160",18.13,"37,700",17.37
"Arts, design, entertainment, sports, and media occupations",Art and design workers.............................................................,Graphic designers................................................................,"214,260",32.98,"68,610",29.47
"Arts, design, entertainment, sports, and media occupations",Art and design workers.............................................................,Interior designers...............................................................,"69,580",34.34,"71,430",30.52
"Arts, design, entertainment, sports, and media occupations",Art and design workers.............................................................,Merchandise displayers and window trimmers.......................................,"192,480",19.49,"40,540",17.96
"Arts, design, entertainment, sports, and media occupations",Art and design workers.............................................................,Set and exhibit designers........................................................,"10,850",37.71,"78,450",31.87
"Arts, design, entertainment, sports, and media occupations",Art and design workers.............................................................,"Designers, all other.............................................................","9,680",37.50,"78,000",31.84
"Arts, design, entertainment, sports, and media occupations","Entertainers and performers, sports and related workers............................",,"550,830",41.21,"85,710",26.38
"Arts, design, entertainment, sports, and media occupations","Entertainers and performers, sports and related workers............................","Actors, producers, and directors..................................................","184,070",52.72,"109,660",37.50
"Arts, design, entertainment, sports, and media occupations","Entertainers and performers, sports and related workers............................",Actors...........................................................................,"38,800",44.40,(²),23.33
"Arts, design, entertainment, sports, and media occupations","Entertainers and performers, sports and related workers............................",Producers and directors..........................................................,"145,270",54.94,"114,280",40.13
"Arts, design, entertainment, sports, and media occupations","Entertainers and performers, sports and related workers............................","Athletes, coaches, umpires, and related workers...................................","280,390",(²),"68,880",(²)
"Arts, design, entertainment, sports, and media occupations","Entertainers and performers, sports and related workers............................",Athletes and sports competitors..................................................,"14,370",(²),"259,750",(²)
"Arts, design, entertainment, sports, and media occupations","Entertainers and performers, sports and related workers............................",Coaches and scouts...............................................................,"250,940",(²),"58,910",(²)
"Arts, design, entertainment, sports, and media occupations","Entertainers and performers, sports and related workers............................","Umpires, referees, and other sports officials....................................","15,080",(²),"52,800",(²)
"Arts, design, entertainment, sports, and media occupations","Entertainers and performers, sports and related workers............................",Dancers and choreographers........................................................,"12,490",30.16,"62,740",24.53
"Arts, design, entertainment, sports, and media occupations","Entertainers and performers, sports and related workers............................",Dancers..........................................................................,"9,060",30.30,(²),23.97
"Arts, design, entertainment, sports, and media occupations","Entertainers and performers, sports and related workers............................",Choreographers...................................................................,"3,430",29.82,"62,020",26.73
"Arts, design, entertainment, sports, and media occupations","Entertainers and performers, sports and related workers............................","Musicians, singers, and related workers...........................................","50,680",51.57,(²),38.76
"Arts, design, entertainment, sports, and media occupations","Entertainers and performers, sports and related workers............................",Music directors and composers....................................................,"12,330",40.50,"84,230",30.61
"Arts, design, entertainment, sports, and media occupations","Entertainers and performers, sports and related workers............................",Musicians and singers............................................................,"38,350",55.13,(²),42.45
"Arts, design, entertainment, sports, and media occupations","Entertainers and performers, sports and related workers............................","Miscellaneous entertainers and performers, sports and related workers.............","23,210",30.98,(²),20.99
"Arts, design, entertainment, sports, and media occupations","Entertainers and performers, sports and related workers............................","Disc jockeys, except radio.......................................................","8,170",33.25,(²),20.59
"Arts, design, entertainment, sports, and media occupations","Entertainers and performers, sports and related workers............................","Entertainers and performers, sports and related workers, all other...............","15,040",29.74,(²),20.99
"Arts, design, entertainment, sports, and media occupations",Media and communication workers....................................................,,"634,400",39.92,"83,030",33.80
"Arts, design, entertainment, sports, and media occupations",Media and communication workers....................................................,Broadcast announcers and radio disc jockeys.......................................,"23,880",38.52,"80,110",21.96
"Arts, design, entertainment, sports, and media occupations",Media and communication workers....................................................,"News analysts, reporters, and journalists.........................................","41,550",50.98,"106,030",28.98
"Arts, design, entertainment, sports, and media occupations",Media and communication workers....................................................,Public relations specialists......................................................,"280,590",38.61,"80,310",33.55
"Arts, design, entertainment, sports, and media occupations",Media and communication workers....................................................,Writers and editors...............................................................,"198,810",42.10,"87,570",37.55
"Arts, design, entertainment, sports, and media occupations",Media and communication workers....................................................,Editors..........................................................................,"95,480",41.20,"85,700",36.18
"Arts, design, entertainment, sports, and media occupations",Media and communication workers....................................................,Technical writers................................................................,"55,530",44.39,"92,330",44.07
"Arts, design, entertainment, sports, and media occupations",Media and communication workers....................................................,Writers and authors..............................................................,"47,800",41.24,"85,780",34.75
"Arts, design, entertainment, sports, and media occupations",Media and communication workers....................................................,Miscellaneous media and communication workers.....................................,"89,580",34.40,"71,560",30.05
"Arts, design, entertainment, sports, and media occupations",Media and communication workers....................................................,Interpreters and translators.....................................................,"53,360",31.22,"64,950",28.58
"Arts, design, entertainment, sports, and media occupations",Media and communication workers....................................................,Court reporters and simultaneous captioners......................................,"12,630",35.88,"74,630",32.36
"Arts, design, entertainment, sports, and media occupations",Media and communication workers....................................................,"Media and communication workers, all other.......................................","23,590",40.81,"84,870",34.51
"Arts, design, entertainment, sports, and media occupations",Media and communication equipment workers..........................................,,"231,910",32.41,"67,410",27.15
"Arts, design, entertainment, sports, and media occupations",Media and communication equipment workers..........................................,"Broadcast, sound, and lighting technicians........................................","114,340",31.11,"64,710",27.21
"Arts, design, entertainment, sports, and media occupations",Media and communication equipment workers..........................................,Audio and video technicians......................................................,"70,080",29.51,"61,370",26.36
"Arts, design, entertainment, sports, and media occupations",Media and communication equipment workers..........................................,Broadcast technicians............................................................,"21,080",30.87,"64,220",25.92
"Arts, design, entertainment, sports, and media occupations",Media and communication equipment workers..........................................,Sound engineering technicians....................................................,"13,050",38.12,"79,280",31.94
"Arts, design, entertainment, sports, and media occupations",Media and communication equipment workers..........................................,Lighting technicians.............................................................,"10,130",33.65,"70,000",29.11
"Arts, design, entertainment, sports, and media occupations",Media and communication equipment workers..........................................,Photographers.....................................................................,"51,230",26.76,"55,650",20.44
"Arts, design, entertainment, sports, and media occupations",Media and communication equipment workers..........................................,"Television, video, and film camera operators and editors..........................","53,330",39.35,"81,850",33.93
"Arts, design, entertainment, sports, and media occupations",Media and communication equipment workers..........................................,"Camera operators, television, video, and film....................................","24,460",38.40,"79,870",33.08
"Arts, design, entertainment, sports, and media occupations",Media and communication equipment workers..........................................,Film and video editors...........................................................,"28,860",40.16,"83,530",34.12
"Arts, design, entertainment, sports, and media occupations",Media and communication equipment workers..........................................,"Media and communication equipment workers, all other..............................","13,020",37.67,"78,350",32.30
Healthcare practitioners and technical occupations,,,"9,592,690",50.59,"105,220",39.95
Healthcare practitioners and technical occupations,Healthcare diagnosing or treating practitioners....................................,,"6,338,160",61.80,"128,550",48.74
Healthcare practitioners and technical occupations,Healthcare diagnosing or treating practitioners....................................,Chiropractors.....................................................................,"37,630",44.15,"91,830",37.98
Healthcare practitioners and technical occupations,Healthcare diagnosing or treating practitioners....................................,Dentists..........................................................................,"130,620",99.88,"207,750",86.16
Healthcare practitioners and technical occupations,Healthcare diagnosing or treating practitioners....................................,"Dentists, general................................................................","113,490",94.28,"196,100",83.07
Healthcare practitioners and technical occupations,Healthcare diagnosing or treating practitioners....................................,Oral and maxillofacial surgeons..................................................,"5,330",173.19,"360,240",(³)
Healthcare practitioners and technical occupations,Healthcare diagnosing or treating practitioners....................................,Orthodontists....................................................................,"5,150",122.41,"254,620",(³)
Healthcare practitioners and technical occupations,Healthcare diagnosing or treating practitioners....................................,Prosthodontists..................................................................,760,124.36,"258,660",(³)
Healthcare practitioners and technical occupations,Healthcare diagnosing or treating practitioners....................................,"Dentists, all other specialists..................................................","5,900",118.52,"246,530",108.54
Healthcare practitioners and technical occupations,Healthcare diagnosing or treating practitioners....................................,Dietitians and nutritionists......................................................,"76,570",35.95,"74,770",35.50
Healthcare practitioners and technical occupations,Healthcare diagnosing or treating practitioners....................................,Optometrists......................................................................,"41,890",67.76,"140,940",64.82
Healthcare practitioners and technical occupations,Healthcare diagnosing or treating practitioners....................................,Pharmacists.......................................................................,"328,870",65.97,"137,210",66.10
Healthcare practitioners and technical occupations,Healthcare diagnosing or treating practitioners....................................,Physician assistants..............................................................,"155,540",65.82,"136,900",64.07
Healthcare practitioners and technical occupations,Healthcare diagnosing or treating practitioners....................................,Podiatrists.......................................................................,"9,520",78.83,"163,960",73.46
Healthcare practitioners and technical occupations,Healthcare diagnosing or treating practitioners....................................,Therapists........................................................................,"777,300",45.78,"95,220",45.68
Healthcare practitioners and technical occupations,Healthcare diagnosing or treating practitioners....................................,Occupational therapists..........................................................,"152,280",47.23,"98,240",47.28
Healthcare practitioners and technical occupations,Healthcare diagnosing or treating practitioners....................................,Physical therapists..............................................................,"248,630",49.23,"102,400",48.57
Healthcare practitioners and technical occupations,Healthcare diagnosing or treating practitioners....................................,Radiation therapists.............................................................,"18,700",53.28,"110,820",49.03
Healthcare practitioners and technical occupations,Healthcare diagnosing or treating practitioners....................................,Recreational therapists..........................................................,"15,060",31.42,"65,350",28.98
Healthcare practitioners and technical occupations,Healthcare diagnosing or treating practitioners....................................,Respiratory therapists...........................................................,"136,420",40.51,"84,260",38.68
Healthcare practitioners and technical occupations,Healthcare diagnosing or treating practitioners....................................,Speech-language pathologists.....................................................,"178,790",46.08,"95,840",45.87
Healthcare practitioners and technical occupations,Healthcare diagnosing or treating practitioners....................................,Exercise physiologists...........................................................,"8,110",28.66,"59,620",27.96
Healthcare practitioners and technical occupations,Healthcare diagnosing or treating practitioners....................................,"Therapists, all other............................................................","19,320",35.48,"73,800",31.26
Healthcare practitioners and technical occupations,Healthcare diagnosing or treating practitioners....................................,Veterinarians.....................................................................,"80,630",67.44,"140,270",60.34
Healthcare practitioners and technical occupations,Healthcare diagnosing or treating practitioners....................................,Registered nurses.................................................................,"3,282,010",47.32,"98,430",45.00
Healthcare practitioners and technical occupations,Healthcare diagnosing or treating practitioners....................................,Nurse anesthetists................................................................,"50,350",111.39,"231,700",107.31
Healthcare practitioners and technical occupations,Healthcare diagnosing or treating practitioners....................................,Nurse midwives....................................................................,"8,280",61.59,"128,110",61.92
Healthcare practitioners and technical occupations,Healthcare diagnosing or treating practitioners....................................,Nurse practitioners...............................................................,"307,390",63.46,"132,000",62.12
Healthcare practitioners and technical occupations,Healthcare diagnosing or treating practitioners....................................,Audiologists......................................................................,"14,730",45.83,"95,320",44.29
Healthcare practitioners and technical occupations,Healthcare diagnosing or treating practitioners....................................,Physicians........................................................................,"727,050",130.92,"272,320",(³)
Healthcare practitioners and technical occupations,Healthcare diagnosing or treating practitioners....................................,Anesthesiologists................................................................,"41,890",161.85,"336,640",(³)
Healthcare practitioners and technical occupations,Healthcare diagnosing or treating practitioners....................................,Cardiologists....................................................................,"18,020",207.93,"432,490",(³)
Healthcare practitioners and technical occupations,Healthcare diagnosing or treating practitioners....................................,Dermatologists...................................................................,"10,080",167.22,"347,810",(³)
Healthcare practitioners and technical occupations,Healthcare diagnosing or treating practitioners....................................,Emergency medicine physicians....................................................,"33,680",154.19,"320,700",(³)
Healthcare practitioners and technical occupations,Healthcare diagnosing or treating practitioners....................................,Family medicine physicians.......................................................,"107,950",123.47,"256,830",114.61
Healthcare practitioners and technical occupations,Healthcare diagnosing or treating practitioners....................................,General internal medicine physicians.............................................,"66,640",126.31,"262,710",113.63
Healthcare practitioners and technical occupations,Healthcare diagnosing or treating practitioners....................................,Neurologists.....................................................................,"7,700",137.65,"286,310",(³)
Healthcare practitioners and technical occupations,Healthcare diagnosing or treating practitioners....................................,Obstetricians and gynecologists..................................................,"19,900",135.16,"281,130",(³)
Healthcare practitioners and technical occupations,Healthcare diagnosing or treating practitioners....................................,"Pediatricians, general...........................................................","42,960",106.89,"222,340",101.03
Healthcare practitioners and technical occupations,Healthcare diagnosing or treating practitioners....................................,"Physicians, pathologists.........................................................","11,800",127.89,"266,020",(³)
Healthcare practitioners and technical occupations,Healthcare diagnosing or treating practitioners....................................,Psychiatrists....................................................................,"24,800",129.39,"269,120",(³)
Healthcare practitioners and technical occupations,Healthcare diagnosing or treating practitioners....................................,Radiologists.....................................................................,"26,290",172.99,"359,820",(³)
Healthcare practitioners and technical occupations,Healthcare diagnosing or treating practitioners....................................,"Physicians, all other............................................................","315,360",121.86,"253,470",(³)
Healthcare practitioners and technical occupations,Healthcare diagnosing or treating practitioners....................................,Surgeons..........................................................................,"51,400",170.56,"354,760",(³)
Healthcare practitioners and technical occupations,Healthcare diagnosing or treating practitioners....................................,"Ophthalmologists, except pediatric...............................................","12,110",144.95,"301,500",(³)
Healthcare practitioners and technical occupations,Healthcare diagnosing or treating practitioners....................................,"Orthopedic surgeons, except pediatric............................................","14,160",175.51,"365,060",(³)
Healthcare practitioners and technical occupations,Healthcare diagnosing or treating practitioners....................................,Pediatric surgeons...............................................................,"1,050",216.74,"450,810",(³)
Healthcare practitioners and technical occupations,Healthcare diagnosing or treating practitioners....................................,"Surgeons, all other..............................................................","24,080",178.50,"371,280",(³)
Healthcare practitioners and technical occupations,Healthcare diagnosing or treating practitioners....................................,Miscellaneous healthcare diagnosing or treating practitioners.....................,"258,380",47.07,"97,910",45.64
Healthcare practitioners and technical occupations,Healthcare diagnosing or treating practitioners....................................,Acupuncturists...................................................................,"8,440",43.15,"89,750",37.57
Healthcare practitioners and technical occupations,Healthcare diagnosing or treating practitioners....................................,Dental hygienists................................................................,"219,070",45.14,"93,890",45.32
Healthcare practitioners and technical occupations,Healthcare diagnosing or treating practitioners....................................,"Healthcare diagnosing or treating practitioners, all other.......................","30,870",61.86,"128,680",54.68
Healthcare practitioners and technical occupations,Health technologists and technicians...............................................,,"3,124,620",28.51,"59,310",26.09
Healthcare practitioners and technical occupations,Health technologists and technicians...............................................,Clinical laboratory technologists and technicians.................................,"343,040",31.41,"65,320",29.75
Healthcare practitioners and technical occupations,Health technologists and technicians...............................................,Diagnostic related technologists and technicians..................................,"433,560",40.27,"83,760",38.78
Healthcare practitioners and technical occupations,Health technologists and technicians...............................................,Cardiovascular technologists and technicians.....................................,"61,180",35.04,"72,890",32.34
Healthcare practitioners and technical occupations,Health technologists and technicians...............................................,Diagnostic medical sonographers..................................................,"86,460",44.49,"92,550",42.95
Healthcare practitioners and technical occupations,Health technologists and technicians...............................................,Nuclear medicine technologists...................................................,"16,960",47.93,"99,690",46.64
Healthcare practitioners and technical occupations,Health technologists and technicians...............................................,Radiologic technologists and technicians.........................................,"223,460",38.35,"79,760",37.34
Healthcare practitioners and technical occupations,Health technologists and technicians...............................................,Magnetic resonance imaging technologists.........................................,"41,530",43.76,"91,020",42.40
Healthcare practitioners and technical occupations,Health technologists and technicians...............................................,Medical dosimetrists.............................................................,"3,970",67.99,"141,420",66.40
Healthcare practitioners and technical occupations,Health technologists and technicians...............................................,Emergency medical technicians and paramedics......................................,"277,520",24.26,"50,460",22.28
Healthcare practitioners and technical occupations,Health technologists and technicians...............................................,Emergency medical technicians....................................................,"177,980",21.54,"44,790",19.88
Healthcare practitioners and technical occupations,Health technologists and technicians...............................................,Paramedics.......................................................................,"99,530",29.14,"60,610",28.08
Healthcare practitioners and technical occupations,Health technologists and technicians...............................................,Health practitioner support technologists and technicians.........................,"975,890",22.77,"47,370",21.64
Healthcare practitioners and technical occupations,Health technologists and technicians...............................................,Dietetic technicians.............................................................,"29,950",19.02,"39,560",17.81
Healthcare practitioners and technical occupations,Health technologists and technicians...............................................,Pharmacy technicians.............................................................,"487,920",21.54,"44,800",20.90
Healthcare practitioners and technical occupations,Health technologists and technicians...............................................,Psychiatric technicians..........................................................,"136,300",21.64,"45,000",20.47
Healthcare practitioners and technical occupations,Health technologists and technicians...............................................,Surgical technologists...........................................................,"113,890",31.64,"65,810",30.21
Healthcare practitioners and technical occupations,Health technologists and technicians...............................................,Veterinary technologists and technicians.........................................,"131,320",22.25,"46,280",22.11
Healthcare practitioners and technical occupations,Health technologists and technicians...............................................,Ophthalmic medical technicians...................................................,"76,520",21.81,"45,360",21.19
Healthcare practitioners and technical occupations,Health technologists and technicians...............................................,Licensed practical and licensed vocational nurses.................................,"632,430",30.84,"64,150",29.97
Healthcare practitioners and technical occupations,Health technologists and technicians...............................................,Medical records specialists.......................................................,"187,910",26.91,"55,970",24.16
Healthcare practitioners and technical occupations,Health technologists and technicians...............................................,"Opticians, dispensing.............................................................","79,690",24.02,"49,970",22.38
Healthcare practitioners and technical occupations,Health technologists and technicians...............................................,Miscellaneous health technologists and technicians................................,"194,570",27.91,"58,050",23.84
Healthcare practitioners and technical occupations,Health technologists and technicians...............................................,Orthotists and prosthetists......................................................,"9,930",39.10,"81,330",37.65
Healthcare practitioners and technical occupations,Health technologists and technicians...............................................,Hearing aid specialists..........................................................,"10,580",30.74,"63,930",29.60
Healthcare practitioners and technical occupations,Health technologists and technicians...............................................,"Health technologists and technicians, all other..................................","174,060",27.10,"56,370",23.46
Healthcare practitioners and technical occupations,Other healthcare practitioners and technical occupations...........................,,"129,910",34.11,"70,950",30.20
Healthcare practitioners and technical occupations,Other healthcare practitioners and technical occupations...........................,Health information technologists and medical registrars...........................,"37,620",35.30,"73,410",32.36
Healthcare practitioners and technical occupations,Other healthcare practitioners and technical occupations...........................,Miscellaneous health practitioners and technical workers..........................,"92,290",33.63,"69,940",29.76
Healthcare practitioners and technical occupations,Other healthcare practitioners and technical occupations...........................,Athletic trainers................................................................,"28,950",(²),"63,960",(²)
Healthcare practitioners and technical occupations,Other healthcare practitioners and technical occupations...........................,Genetic counselors...............................................................,"3,510",49.47,"102,890",47.55
Healthcare practitioners and technical occupations,Other healthcare practitioners and technical occupations...........................,Surgical assistants..............................................................,"22,860",32.30,"67,190",28.99
Healthcare practitioners and technical occupations,Other healthcare practitioners and technical occupations...........................,"Healthcare practitioners and technical workers, all other........................","36,970",35.19,"73,200",30.78
Healthcare support occupations,,,"7,448,010",19.06,"39,650",17.87
Healthcare support occupations,,psychiatric aides.................................................................,"5,464,490",17.64,"36,690",17.28
Healthcare support occupations,,Home health and personal care aides...............................................,"3,988,140",16.82,"34,990",16.78
Healthcare support occupations,,"Nursing assistants, orderlies, and psychiatric aides..............................","1,476,350",19.85,"41,290",18.98
Healthcare support occupations,,Nursing assistants...............................................................,"1,388,430",19.84,"41,270",19.01
Healthcare support occupations,,Orderlies........................................................................,"53,020",19.27,"40,070",18.12
Healthcare support occupations,,Psychiatric aides................................................................,"34,900",20.97,"43,610",20.00
Healthcare support occupations,Occupational therapy and physical therapist assistants and aides...................,,"204,940",28.88,"60,070",29.68
Healthcare support occupations,Occupational therapy and physical therapist assistants and aides...................,Occupational therapy assistants and aides.........................................,"52,910",31.74,"66,020",31.76
Healthcare support occupations,Occupational therapy and physical therapist assistants and aides...................,Occupational therapy assistants..................................................,"47,910",32.95,"68,540",32.86
Healthcare support occupations,Occupational therapy and physical therapist assistants and aides...................,Occupational therapy aides.......................................................,"5,000",20.12,"41,850",17.97
Healthcare support occupations,Occupational therapy and physical therapist assistants and aides...................,Physical therapist assistants and aides...........................................,"152,020",27.88,"57,990",28.87
Healthcare support occupations,Occupational therapy and physical therapist assistants and aides...................,Physical therapist assistants....................................................,"108,010",32.29,"67,160",31.50
Healthcare support occupations,Occupational therapy and physical therapist assistants and aides...................,Physical therapist aides.........................................................,"44,010",17.07,"35,510",16.59
Healthcare support occupations,Other healthcare support occupations...............................................,,"1,778,580",22.30,"46,380",21.64
Healthcare support occupations,Other healthcare support occupations...............................................,Massage therapists................................................................,"96,040",30.50,"63,430",27.86
Healthcare support occupations,Other healthcare support occupations...............................................,Miscellaneous healthcare support occupations......................................,"1,682,540",21.83,"45,410",21.50
Healthcare support occupations,Other healthcare support occupations...............................................,Dental assistants................................................................,"375,430",23.49,"48,860",22.74
Healthcare support occupations,Other healthcare support occupations...............................................,Medical assistants...............................................................,"793,460",21.50,"44,720",21.25
Healthcare support occupations,Other healthcare support occupations...............................................,Medical equipment preparers......................................................,"72,760",23.56,"48,990",22.35
Healthcare support occupations,Other healthcare support occupations...............................................,Medical transcriptionists........................................................,"43,070",18.85,"39,210",18.05
Healthcare support occupations,Other healthcare support occupations...............................................,Pharmacy aides...................................................................,"41,100",19.37,"40,290",17.79
Healthcare support occupations,Other healthcare support occupations...............................................,Veterinary assistants and laboratory animal caretakers...........................,"114,190",18.74,"38,990",17.94
Healthcare support occupations,Other healthcare support occupations...............................................,Phlebotomists....................................................................,"138,880",21.34,"44,390",20.99
Healthcare support occupations,Other healthcare support occupations...............................................,"Healthcare support workers, all other............................................","103,650",23.44,"48,760",22.14
Protective service occupations,,,"3,654,910",29.33,"61,000",24.32
Protective service occupations,Supervisors of protective service workers..........................................,,"390,970",44.77,"93,120",41.85
Protective service occupations,Supervisors of protective service workers..........................................,First-line supervisors of law enforcement workers.................................,"206,520",49.79,"103,570",47.66
Protective service occupations,Supervisors of protective service workers..........................................,First-line supervisors of correctional officers..................................,"53,390",39.55,"82,260",36.69
Protective service occupations,Supervisors of protective service workers..........................................,First-line supervisors of police and detectives..................................,"153,130",53.36,"110,990",50.95
Protective service occupations,Supervisors of protective service workers..........................................,First-line supervisors of firefighting and prevention workers.....................,"93,680",46.65,"97,030",44.44
Protective service occupations,Supervisors of protective service workers..........................................,"Miscellaneous first-line supervisors, protective service workers..................","90,770",31.40,"65,320",28.94
Protective service occupations,Supervisors of protective service workers..........................................,First-line supervisors of security workers.......................................,"70,310",30.28,"62,990",28.18
Protective service occupations,Supervisors of protective service workers..........................................,"First-line supervisors of protective service workers, all other..................","20,460",35.25,"73,320",36.04
Protective service occupations,Firefighting and prevention workers................................................,,"349,070",31.16,"64,820",28.79
Protective service occupations,Firefighting and prevention workers................................................,Firefighters......................................................................,"332,240",30.72,"63,890",28.62
Protective service occupations,Firefighting and prevention workers................................................,Fire inspectors...................................................................,"16,830",40.01,"83,210",36.29
Protective service occupations,Firefighting and prevention workers................................................,Fire inspectors and investigators................................................,"14,050",42.04,"87,440",37.53
Protective service occupations,Firefighting and prevention workers................................................,Forest fire inspectors and prevention specialists................................,"2,780",29.72,"61,820",25.19
Protective service occupations,Law enforcement workers............................................................,,"1,177,270",36.32,"75,550",33.91
Protective service occupations,Law enforcement workers............................................................,"Bailiffs, correctional officers, and jailers......................................","382,300",30.16,"62,730",27.86
Protective service occupations,Law enforcement workers............................................................,Bailiffs.........................................................................,"16,910",29.89,"62,180",27.43
Protective service occupations,Law enforcement workers............................................................,Correctional officers and jailers................................................,"365,380",30.17,"62,760",27.87
Protective service occupations,Law enforcement workers............................................................,Detectives and criminal investigators.............................................,"110,790",47.48,"98,770",44.99
Protective service occupations,Law enforcement workers............................................................,Fish and game wardens.............................................................,"6,420",32.69,"67,990",32.78
Protective service occupations,Law enforcement workers............................................................,Parking enforcement workers.......................................................,"7,770",24.92,"51,840",22.67
Protective service occupations,Law enforcement workers............................................................,Police officers...................................................................,"669,990",38.16,"79,380",36.68
Protective service occupations,Law enforcement workers............................................................,Police and sheriff's patrol officers.............................................,"666,990",38.14,"79,320",36.68
Protective service occupations,Law enforcement workers............................................................,Transit and railroad police......................................................,"3,000",44.14,"91,820",39.58
Protective service occupations,Other protective service workers...................................................,,"1,737,600",20.74,"43,140",18.38
Protective service occupations,Other protective service workers...................................................,Animal control workers............................................................,"11,790",23.67,"49,240",22.03
Protective service occupations,Other protective service workers...................................................,Private detectives and investigators..............................................,"38,700",29.65,"61,680",25.18
Protective service occupations,Other protective service workers...................................................,Security guards and gambling surveillance officers................................,"1,251,760",20.64,"42,920",18.46
Protective service occupations,Other protective service workers...................................................,Gambling surveillance officers and gambling investigators........................,"10,000",22.46,"46,710",21.11
Protective service occupations,Other protective service workers...................................................,Security guards..................................................................,"1,241,770",20.62,"42,890",18.45
Protective service occupations,Other protective service workers...................................................,Miscellaneous protective service workers..........................................,"435,360",20.18,"41,960",17.85
Protective service occupations,Other protective service workers...................................................,Crossing guards and flaggers.....................................................,"90,180",20.63,"42,910",18.13
Protective service occupations,Other protective service workers...................................................,"Lifeguards, ski patrol, and other recreational protective service workers........","143,590",16.68,"34,700",16.21
Protective service occupations,Other protective service workers...................................................,Transportation security screeners................................................,"46,340",29.73,"61,840",30.46
Protective service occupations,Other protective service workers...................................................,School bus monitors..............................................................,"72,140",16.96,"35,270",16.82
Protective service occupations,Other protective service workers...................................................,"Protective service workers, all other............................................","83,110",23.18,"48,210",20.00
Food preparation and serving related occupations,,,"13,613,490",17.32,"36,020",16.41
Food preparation and serving related occupations,Supervisors of food preparation and serving workers................................,,"1,369,780",22.85,"47,540",21.22
Food preparation and serving related occupations,Supervisors of food preparation and serving workers................................,Supervisors of food preparation and serving workers...............................,"1,369,780",22.85,"47,540",21.22
Food preparation and serving related occupations,Supervisors of food preparation and serving workers................................,Chefs and head cooks.............................................................,"182,320",31.11,"64,720",29.32
Food preparation and serving related occupations,Supervisors of food preparation and serving workers................................,First-line supervisors of food preparation and serving workers...................,"1,187,460",21.59,"44,900",20.20
Food preparation and serving related occupations,Cooks and food preparation workers.................................................,,"3,632,290",17.05,"35,460",17.04
Food preparation and serving related occupations,Cooks and food preparation workers.................................................,Cooks.............................................................................,"2,743,520",17.28,"35,950",17.19
Food preparation and serving related occupations,Cooks and food preparation workers.................................................,"Cooks, fast food.................................................................","668,230",14.97,"31,140",14.50
Food preparation and serving related occupations,Cooks and food preparation workers.................................................,"Cooks, institution and cafeteria.................................................","448,260",17.94,"37,310",17.53
Food preparation and serving related occupations,Cooks and food preparation workers.................................................,"Cooks, private household.........................................................",900,24.66,"51,290",21.41
Food preparation and serving related occupations,Cooks and food preparation workers.................................................,"Cooks, restaurant................................................................","1,452,130",18.14,"37,730",17.71
Food preparation and serving related occupations,Cooks and food preparation workers.................................................,"Cooks, short order...............................................................","150,420",17.14,"35,660",17.12
Food preparation and serving related occupations,Cooks and food preparation workers.................................................,"Cooks, all other.................................................................","23,590",18.27,"38,000",17.41
Food preparation and serving related occupations,Cooks and food preparation workers.................................................,Food preparation workers..........................................................,"888,770",16.32,"33,940",16.45
Food preparation and serving related occupations,Food and beverage serving workers..................................................,,"7,101,010",16.66,"34,650",15.13
Food preparation and serving related occupations,Food and beverage serving workers..................................................,Bartenders........................................................................,"745,610",19.17,"39,880",16.12
Food preparation and serving related occupations,Food and beverage serving workers..................................................,Fast food and counter workers.....................................................,"3,780,930",15.07,"31,350",14.65
Food preparation and serving related occupations,Food and beverage serving workers..................................................,Waiters and waitresses............................................................,"2,302,690",18.44,"38,360",16.23
Food preparation and serving related occupations,Food and beverage serving workers..................................................,"Food servers, nonrestaurant.......................................................","271,780",16.84,"35,030",16.57
Food preparation and serving related occupations,Other food preparation and serving related workers.................................,,"1,510,410",16.05,"33,380",15.71
Food preparation and serving related occupations,Other food preparation and serving related workers.................................,Dining room and cafeteria attendants and bartender helpers........................,"522,010",16.44,"34,190",15.71
Food preparation and serving related occupations,Other food preparation and serving related workers.................................,Dishwashers.......................................................................,"471,670",15.97,"33,220",16.19
Food preparation and serving related occupations,Other food preparation and serving related workers.................................,"Hosts and hostesses, restaurant, lounge, and coffee shop..........................","427,150",15.40,"32,030",14.61
Food preparation and serving related occupations,Other food preparation and serving related workers.................................,"Food preparation and serving related workers, all other...........................","89,580",17.30,"35,990",16.74
Building and grounds cleaning and maintenance occupations,,,"4,496,150",19.01,"39,540",17.69
Building and grounds cleaning and maintenance occupations,Supervisors of building and grounds cleaning and maintenance workers...............,,"298,790",26.24,"54,580",24.03
Building and grounds cleaning and maintenance occupations,Supervisors of building and grounds cleaning and maintenance workers...............,First-line supervisors of building and grounds cleaning and maintenance workers...,"298,790",26.24,"54,580",24.03
Building and grounds cleaning and maintenance occupations,Supervisors of building and grounds cleaning and maintenance workers...............,First-line supervisors of housekeeping and janitorial workers....................,"174,660",24.60,"51,170",22.85
Building and grounds cleaning and maintenance occupations,Supervisors of building and grounds cleaning and maintenance workers...............,"First-line supervisors of landscaping, lawn service, and groundskeeping workers..","124,130",28.55,"59,380",27.01
Building and grounds cleaning and maintenance occupations,Building cleaning and pest control workers.........................................,,"3,167,290",17.98,"37,400",17.19
Building and grounds cleaning and maintenance occupations,Building cleaning and pest control workers.........................................,Building cleaning workers.........................................................,"3,071,180",17.86,"37,140",17.13
Building and grounds cleaning and maintenance occupations,Building cleaning and pest control workers.........................................,"Janitors and cleaners, except maids and housekeeping cleaners....................","2,199,900",18.01,"37,460",17.27
Building and grounds cleaning and maintenance occupations,Building cleaning and pest control workers.........................................,Maids and housekeeping cleaners..................................................,"854,910",17.39,"36,180",16.66
Building and grounds cleaning and maintenance occupations,Building cleaning and pest control workers.........................................,"Building cleaning workers, all other.............................................","16,370",21.23,"44,150",20.37
Building and grounds cleaning and maintenance occupations,Building cleaning and pest control workers.........................................,Pest control workers..............................................................,"96,110",22.02,"45,800",21.51
Building and grounds cleaning and maintenance occupations,Grounds maintenance workers........................................................,,"1,030,070",20.07,"41,750",18.50
Building and grounds cleaning and maintenance occupations,Grounds maintenance workers........................................................,Grounds maintenance workers.......................................................,"1,030,070",20.07,"41,750",18.50
Building and grounds cleaning and maintenance occupations,Grounds maintenance workers........................................................,Landscaping and groundskeeping workers...........................................,"943,430",19.66,"40,880",18.31
Building and grounds cleaning and maintenance occupations,Grounds maintenance workers........................................................,"Pesticide handlers, sprayers, and applicators, vegetation........................","25,200",22.10,"45,960",21.73
Building and grounds cleaning and maintenance occupations,Grounds maintenance workers........................................................,Tree trimmers and pruners........................................................,"47,870",26.43,"54,970",24.25
Building and grounds cleaning and maintenance occupations,Grounds maintenance workers........................................................,"Grounds maintenance workers, all other...........................................","13,580",22.68,"47,180",20.87
Personal care and service occupations,,,"3,159,940",18.95,"39,410",16.88
Personal care and service occupations,Supervisors of personal care and service workers...................................,,"225,420",25.21,"52,440",23.10
Personal care and service occupations,Supervisors of personal care and service workers...................................,First-line supervisors of entertainment and recreation workers....................,"118,360",25.87,"53,820",23.61
Personal care and service occupations,Supervisors of personal care and service workers...................................,First-line supervisors of gambling services workers..............................,"25,530",30.10,"62,600",29.61
Personal care and service occupations,Supervisors of personal care and service workers...................................,gambling services...............................................................,"92,830",24.71,"51,400",22.55
Personal care and service occupations,Supervisors of personal care and service workers...................................,First-line supervisors of personal service workers................................,"107,060",24.48,"50,920",22.64
Personal care and service occupations,Animal care and service workers....................................................,,"297,420",17.06,"35,490",16.28
Personal care and service occupations,Animal care and service workers....................................................,Animal trainers...................................................................,"20,110",22.01,"45,780",18.63
Personal care and service occupations,Animal care and service workers....................................................,Animal caretakers.................................................................,"277,300",16.71,"34,750",16.09
Personal care and service occupations,Entertainment attendants and related workers.......................................,,"627,560",16.05,"33,380",15.00
Personal care and service occupations,Entertainment attendants and related workers.......................................,Gambling services workers.........................................................,"105,500",18.97,"39,450",16.00
Personal care and service occupations,Entertainment attendants and related workers.......................................,Gambling dealers.................................................................,"82,980",19.43,"40,420",16.00
Personal care and service occupations,Entertainment attendants and related workers.......................................,Gambling and sports book writers and runners.....................................,"7,600",15.66,"32,570",14.65
Personal care and service occupations,Entertainment attendants and related workers.......................................,"Gambling service workers, all other..............................................","14,920",18.07,"37,590",16.60
Personal care and service occupations,Entertainment attendants and related workers.......................................,Motion picture projectionists.....................................................,"1,950",24.18,"50,290",18.35
Personal care and service occupations,Entertainment attendants and related workers.......................................,"Ushers, lobby attendants, and ticket takers.......................................","119,210",15.27,"31,770",14.98
Personal care and service occupations,Entertainment attendants and related workers.......................................,Miscellaneous entertainment attendants and related workers........................,"400,900",15.47,"32,180",14.91
Personal care and service occupations,Entertainment attendants and related workers.......................................,Amusement and recreation attendants..............................................,"371,590",15.07,"31,350",14.66
Personal care and service occupations,Entertainment attendants and related workers.......................................,Costume attendants...............................................................,"6,290",31.68,"65,890",26.35
Personal care and service occupations,Entertainment attendants and related workers.......................................,"Locker room, coatroom, and dressing room attendants..............................","14,960",17.54,"36,490",16.73
Personal care and service occupations,Entertainment attendants and related workers.......................................,"Entertainment attendants and related workers, all other..........................","8,060",17.40,"36,180",16.61
Personal care and service occupations,Funeral service workers............................................................,,"62,630",22.06,"45,890",18.83
Personal care and service occupations,Funeral service workers............................................................,Embalmers and crematory operators.................................................,"6,360",24.82,"51,630",23.37
Personal care and service occupations,Funeral service workers............................................................,Embalmers........................................................................,"3,420",27.65,"57,520",27.06
Personal care and service occupations,Funeral service workers............................................................,Crematory operators..............................................................,"2,950",21.53,"44,790",20.62
Personal care and service occupations,Funeral service workers............................................................,Funeral attendants................................................................,"30,560",17.26,"35,900",16.64
Personal care and service occupations,Funeral service workers............................................................,"Morticians, undertakers, and funeral arrangers....................................","25,700",27.09,"56,340",23.94
Personal care and service occupations,Personal appearance workers........................................................,,"543,830",20.42,"42,480",16.98
Personal care and service occupations,Personal appearance workers........................................................,"Barbers, hairdressers, hairstylists and cosmetologists............................","313,560",21.01,"43,710",17.03
Personal care and service occupations,Personal appearance workers........................................................,Barbers..........................................................................,"18,100",22.98,"47,800",18.73
Personal care and service occupations,Personal appearance workers........................................................,"Hairdressers, hairstylists, and cosmetologists...................................","295,460",20.89,"43,460",16.95
Personal care and service occupations,Personal appearance workers........................................................,Miscellaneous personal appearance workers.........................................,"230,270",19.62,"40,810",16.95
Personal care and service occupations,Personal appearance workers........................................................,"Makeup artists, theatrical and performance.......................................","3,320",36.25,"75,410",24.17
Personal care and service occupations,Personal appearance workers........................................................,Manicurists and pedicurists......................................................,"147,820",17.74,"36,910",16.66
Personal care and service occupations,Personal appearance workers........................................................,Shampooers.......................................................................,"8,890",14.82,"30,830",15.13
Personal care and service occupations,Personal appearance workers........................................................,Skincare specialists.............................................................,"70,240",23.40,"48,670",19.98
Personal care and service occupations,"Baggage porters, bellhops, and concierges..........................................",,"75,430",18.84,"39,190",17.70
Personal care and service occupations,"Baggage porters, bellhops, and concierges..........................................","Baggage porters, bellhops, and concierges.........................................","75,430",18.84,"39,190",17.70
Personal care and service occupations,"Baggage porters, bellhops, and concierges..........................................",Baggage porters and bellhops.....................................................,"31,220",17.77,"36,960",17.32
Personal care and service occupations,"Baggage porters, bellhops, and concierges..........................................",Concierges.......................................................................,"44,200",19.60,"40,770",17.94
Personal care and service occupations,Tour and travel guides.............................................................,,"49,010",20.72,"43,090",17.63
Personal care and service occupations,Tour and travel guides.............................................................,Tour and travel guides............................................................,"49,010",20.72,"43,090",17.63
Personal care and service occupations,Other personal care and service workers............................................,,"1,278,640",18.86,"39,230",17.09
Personal care and service occupations,Other personal care and service workers............................................,Childcare workers.................................................................,"520,180",15.93,"33,140",15.41
Personal care and service occupations,Other personal care and service workers............................................,Recreation and fitness workers....................................................,"613,260",21.25,"44,190",17.99
Personal care and service occupations,Other personal care and service workers............................................,Exercise trainers and group fitness instructors..................................,"303,620",24.69,"51,360",22.20
Personal care and service occupations,Other personal care and service workers............................................,Recreation workers...............................................................,"309,640",17.87,"37,170",17.01
Personal care and service occupations,Other personal care and service workers............................................,Residential advisors..............................................................,"82,810",19.99,"41,590",18.84
Personal care and service occupations,Other personal care and service workers............................................,"Personal care and service workers, all other......................................","62,390",18.27,"37,990",18.22
Sales and related occupations,,,"13,351,680",26.00,"54,070",18.01
Sales and related occupations,Supervisors of sales workers.......................................................,,"1,332,180",28.77,"59,830",23.81
Sales and related occupations,Supervisors of sales workers.......................................................,First-line supervisors of sales workers...........................................,"1,332,180",28.77,"59,830",23.81
Sales and related occupations,Supervisors of sales workers.......................................................,First-line supervisors of retail sales workers...................................,"1,113,160",25.17,"52,350",22.75
Sales and related occupations,Supervisors of sales workers.......................................................,First-line supervisors of non-retail sales workers...............................,"219,010",47.06,"97,870",40.45
Sales and related occupations,Retail sales workers...............................................................,,"7,633,890",17.05,"35,470",16.20
Sales and related occupations,Retail sales workers...............................................................,Cashiers..........................................................................,"3,169,970",15.31,"31,840",15.00
Sales and related occupations,Retail sales workers...............................................................,Cashiers.........................................................................,"3,148,030",15.29,"31,810",14.99
Sales and related occupations,Retail sales workers...............................................................,Gambling change persons and booth cashiers.......................................,"21,930",17.70,"36,820",16.74
Sales and related occupations,Retail sales workers...............................................................,Counter and rental clerks and parts salespersons..................................,"663,680",20.76,"43,180",18.32
Sales and related occupations,Retail sales workers...............................................................,Counter and rental clerks........................................................,"398,620",21.01,"43,700",18.53
Sales and related occupations,Retail sales workers...............................................................,Parts salespersons...............................................................,"265,060",20.38,"42,390",18.00
Sales and related occupations,Retail sales workers...............................................................,Retail salespersons...............................................................,"3,800,250",17.86,"37,150",16.62
Sales and related occupations,"Sales representatives, services....................................................",,"2,287,740",41.53,"86,380",30.87
Sales and related occupations,"Sales representatives, services....................................................",Advertising sales agents..........................................................,"97,470",36.71,"76,350",29.55
Sales and related occupations,"Sales representatives, services....................................................",Insurance sales agents............................................................,"469,480",39.19,"81,510",29.02
Sales and related occupations,"Sales representatives, services....................................................","Securities, commodities, and financial services sales agents......................","472,300",53.08,"110,400",37.57
Sales and related occupations,"Sales representatives, services....................................................",Travel agents.....................................................................,"59,150",25.33,"52,690",23.29
Sales and related occupations,"Sales representatives, services....................................................","services, and travel.............................................................","1,189,330",39.07,"81,260",31.86
Sales and related occupations,"Sales representatives, wholesale and manufacturing.................................",,"1,560,790",42.16,"87,690",35.63
Sales and related occupations,"Sales representatives, wholesale and manufacturing.................................","Sales representatives, wholesale and manufacturing................................","1,560,790",42.16,"87,690",35.63
Sales and related occupations,"Sales representatives, wholesale and manufacturing.................................",products........................................................................,"293,930",55.06,"114,520",48.11
Sales and related occupations,"Sales representatives, wholesale and manufacturing.................................",scientific products.............................................................,"1,266,860",39.17,"81,470",32.11
Sales and related occupations,Other sales and related workers....................................................,,"537,090",33.10,"68,850",23.91
Sales and related occupations,Other sales and related workers....................................................,"Models, demonstrators, and product promoters......................................","70,120",22.41,"46,610",18.64
Sales and related occupations,Other sales and related workers....................................................,Demonstrators and product promoters..............................................,"64,770",21.03,"43,730",18.25
Sales and related occupations,Other sales and related workers....................................................,Models...........................................................................,"5,350",39.20,"81,540",43.26
Sales and related occupations,Other sales and related workers....................................................,Real estate brokers and sales agents..............................................,"240,190",36.17,"75,240",28.35
Sales and related occupations,Other sales and related workers....................................................,Real estate brokers..............................................................,"49,590",44.07,"91,660",34.75
Sales and related occupations,Other sales and related workers....................................................,Real estate sales agents.........................................................,"190,600",34.12,"70,970",27.08
Sales and related occupations,Other sales and related workers....................................................,Sales engineers...................................................................,"56,690",62.70,"130,410",58.42
Sales and related occupations,Other sales and related workers....................................................,Telemarketers.....................................................................,"66,430",17.47,"36,340",16.54
Sales and related occupations,Other sales and related workers....................................................,Miscellaneous sales and related workers...........................................,"103,660",27.05,"56,270",22.11
Sales and related occupations,Other sales and related workers....................................................,"Door-to-door sales workers, news and street vendors, and related workers.........","4,590",19.18,"39,890",16.60
Sales and related occupations,Other sales and related workers....................................................,"Sales and related workers, all other.............................................","99,070",27.42,"57,030",22.29
Office and administrative support occupations,,,"18,218,070",24.12,"50,160",22.27
Office and administrative support occupations,Supervisors of office and administrative support workers...........................,,"1,495,580",34.40,"71,560",31.80
Office and administrative support occupations,Supervisors of office and administrative support workers...........................,First-line supervisors of office and administrative support workers...............,"1,495,580",34.40,"71,560",31.80
Office and administrative support occupations,Communications equipment operators.................................................,,"41,070",20.52,"42,670",18.56
Office and administrative support occupations,Communications equipment operators.................................................,"Switchboard operators, including answering service................................","35,730",20.26,"42,130",18.45
Office and administrative support occupations,Communications equipment operators.................................................,Telephone operators...............................................................,"3,950",20.62,"42,880",18.81
Office and administrative support occupations,Communications equipment operators.................................................,"Communications equipment operators, all other.....................................","1,390",26.87,"55,890",24.00
Office and administrative support occupations,Financial clerks...................................................................,,"2,645,000",24.14,"50,200",22.77
Office and administrative support occupations,Financial clerks...................................................................,Bill and account collectors.......................................................,"165,020",23.25,"48,370",22.14
Office and administrative support occupations,Financial clerks...................................................................,Billing and posting clerks........................................................,"417,500",23.80,"49,490",22.68
Office and administrative support occupations,Financial clerks...................................................................,"Bookkeeping, accounting, and auditing clerks......................................","1,455,770",25.01,"52,020",23.66
Office and administrative support occupations,Financial clerks...................................................................,Gambling cage workers.............................................................,"13,490",18.56,"38,600",17.78
Office and administrative support occupations,Financial clerks...................................................................,Payroll and timekeeping clerks....................................................,"156,950",27.34,"56,870",26.58
Office and administrative support occupations,Financial clerks...................................................................,Procurement clerks................................................................,"59,900",24.25,"50,430",23.32
Office and administrative support occupations,Financial clerks...................................................................,Tellers...........................................................................,"339,340",19.68,"40,940",18.91
Office and administrative support occupations,Financial clerks...................................................................,"Financial clerks, all other.......................................................","37,030",26.60,"55,330",25.07
Office and administrative support occupations,Information and record clerks......................................................,,"5,311,310",21.44,"44,580",20.00
Office and administrative support occupations,Information and record clerks......................................................,Brokerage clerks..................................................................,"40,090",32.54,"67,680",30.26
Office and administrative support occupations,Information and record clerks......................................................,Correspondence clerks.............................................................,"6,260",22.41,"46,610",22.47
Office and administrative support occupations,Information and record clerks......................................................,"Court, municipal, and license clerks..............................................","170,010",24.61,"51,200",22.93
Office and administrative support occupations,Information and record clerks......................................................,"Credit authorizers, checkers, and clerks..........................................","11,960",24.65,"51,270",23.62
Office and administrative support occupations,Information and record clerks......................................................,Customer service representatives..................................................,"2,725,930",21.82,"45,380",20.59
Office and administrative support occupations,Information and record clerks......................................................,"Eligibility interviewers, government programs.....................................","156,260",25.95,"53,970",24.76
Office and administrative support occupations,Information and record clerks......................................................,File clerks.......................................................................,"78,980",21.01,"43,700",19.84
Office and administrative support occupations,Information and record clerks......................................................,"Hotel, motel, and resort desk clerks..............................................","261,430",16.70,"34,740",16.48
Office and administrative support occupations,Information and record clerks......................................................,"Interviewers, except eligibility and loan.........................................","157,310",21.83,"45,400",21.07
Office and administrative support occupations,Information and record clerks......................................................,"Library assistants, clerical......................................................","80,070",18.22,"37,910",17.31
Office and administrative support occupations,Information and record clerks......................................................,Loan interviewers and clerks......................................................,"173,100",24.54,"51,050",23.53
Office and administrative support occupations,Information and record clerks......................................................,New accounts clerks...............................................................,"38,030",22.89,"47,610",22.41
Office and administrative support occupations,Information and record clerks......................................................,Order clerks......................................................................,"83,420",22.24,"46,270",21.47
Office and administrative support occupations,Information and record clerks......................................................,"Human resources assistants, except payroll and timekeeping........................","92,580",24.50,"50,950",23.77
Office and administrative support occupations,Information and record clerks......................................................,Receptionists and information clerks..............................................,"964,530",18.50,"38,480",17.90
Office and administrative support occupations,Information and record clerks......................................................,Reservation and transportation ticket agents and travel clerks....................,"127,440",22.94,"47,720",19.94
Office and administrative support occupations,Information and record clerks......................................................,"Information and record clerks, all other..........................................","143,910",24.14,"50,200",23.25
Office and administrative support occupations,"Material recording, scheduling, dispatching, and distributing workers..............",,"2,319,860",25.21,"52,440",23.12
Office and administrative support occupations,"Material recording, scheduling, dispatching, and distributing workers..............",Cargo and freight agents..........................................................,"97,800",26.64,"55,420",23.99
Office and administrative support occupations,"Material recording, scheduling, dispatching, and distributing workers..............",Couriers and messengers...........................................................,"71,920",19.26,"40,060",18.43
Office and administrative support occupations,"Material recording, scheduling, dispatching, and distributing workers..............",Dispatchers.......................................................................,"312,140",25.81,"53,680",23.80
Office and administrative support occupations,"Material recording, scheduling, dispatching, and distributing workers..............",Public safety telecommunicators..................................................,"101,140",26.35,"54,800",24.39
Office and administrative support occupations,"Material recording, scheduling, dispatching, and distributing workers..............","Dispatchers, except police, fire, and ambulance..................................","211,000",25.55,"53,150",23.50
Office and administrative support occupations,"Material recording, scheduling, dispatching, and distributing workers..............","Meter readers, utilities..........................................................","19,620",26.83,"55,810",23.64
Office and administrative support occupations,"Material recording, scheduling, dispatching, and distributing workers..............",Postal service workers............................................................,"526,030",28.71,"59,720",27.82
Office and administrative support occupations,"Material recording, scheduling, dispatching, and distributing workers..............",Postal service clerks............................................................,"78,060",29.36,"61,070",29.63
Office and administrative support occupations,"Material recording, scheduling, dispatching, and distributing workers..............",Postal service mail carriers.....................................................,"336,040",28.79,"59,880",27.64
Office and administrative support occupations,"Material recording, scheduling, dispatching, and distributing workers..............","Postal service mail sorters, processors, and processing machine operators........","111,930",28.04,"58,310",27.18
Office and administrative support occupations,"Material recording, scheduling, dispatching, and distributing workers..............","Production, planning, and expediting clerks.......................................","385,000",29.05,"60,420",27.78
Office and administrative support occupations,"Material recording, scheduling, dispatching, and distributing workers..............","Shipping, receiving, and inventory clerks.........................................","857,630",21.58,"44,890",20.77
Office and administrative support occupations,"Material recording, scheduling, dispatching, and distributing workers..............","Weighers, measurers, checkers, and samplers, recordkeeping........................","49,720",22.43,"46,660",21.95
Office and administrative support occupations,Secretaries and administrative assistants..........................................,,"3,195,900",25.03,"52,070",22.82
Office and administrative support occupations,Secretaries and administrative assistants..........................................,Secretaries and administrative assistants.........................................,"3,195,900",25.03,"52,070",22.82
Office and administrative support occupations,Secretaries and administrative assistants..........................................,Executive secretaries and executive administrative assistants....................,"472,770",37.05,"77,060",35.70
Office and administrative support occupations,Secretaries and administrative assistants..........................................,Legal secretaries and administrative assistants..................................,"154,540",29.00,"60,320",26.03
Office and administrative support occupations,Secretaries and administrative assistants..........................................,Medical secretaries and administrative assistants................................,"830,760",21.91,"45,580",21.46
Office and administrative support occupations,Secretaries and administrative assistants..........................................,"Secretaries and administrative assistants, except legal, medical, and executive..","1,737,820",22.90,"47,640",22.26
Office and administrative support occupations,Other office and administrative support workers....................................,,"3,209,350",22.09,"45,950",21.17
Office and administrative support occupations,Other office and administrative support workers....................................,Data entry and information processing workers.....................................,"171,310",21.00,"43,680",19.94
Office and administrative support occupations,Other office and administrative support workers....................................,Data entry keyers................................................................,"135,280",20.22,"42,070",19.16
Office and administrative support occupations,Other office and administrative support workers....................................,Word processors and typists......................................................,"36,030",23.91,"49,730",23.01
Office and administrative support occupations,Other office and administrative support workers....................................,Desktop publishers................................................................,"4,000",28.97,"60,250",25.78
Office and administrative support occupations,Other office and administrative support workers....................................,Insurance claims and policy processing clerks.....................................,"229,070",24.99,"51,980",23.29
Office and administrative support occupations,Other office and administrative support workers....................................,"Mail clerks and mail machine operators, except postal service.....................","62,730",19.33,"40,200",18.34
Office and administrative support occupations,Other office and administrative support workers....................................,"Office clerks, general............................................................","2,510,550",21.86,"45,470",20.97
Office and administrative support occupations,Other office and administrative support workers....................................,"Office machine operators, except computer.........................................","24,740",20.01,"41,620",18.76
Office and administrative support occupations,Other office and administrative support workers....................................,Proofreaders and copy markers.....................................................,"5,160",25.35,"52,730",23.66
Office and administrative support occupations,Other office and administrative support workers....................................,Statistical assistants............................................................,"5,900",26.67,"55,470",24.73
Office and administrative support occupations,Other office and administrative support workers....................................,"Office and administrative support workers, all other..............................","195,890",23.42,"48,700",22.14
"Farming, fishing, and forestry occupations",,,"442,050",20.06,"41,730",17.67
"Farming, fishing, and forestry occupations","Supervisors of farming, fishing, and forestry workers..............................",,"29,530",30.46,"63,360",28.53
"Farming, fishing, and forestry occupations","Supervisors of farming, fishing, and forestry workers..............................","First-line supervisors of farming, fishing, and forestry workers..................","29,530",30.46,"63,360",28.53
"Farming, fishing, and forestry occupations",Agricultural workers...............................................................,,"373,730",18.78,"39,060",17.32
"Farming, fishing, and forestry occupations",Agricultural workers...............................................................,Agricultural inspectors...........................................................,"12,090",26.75,"55,650",24.51
"Farming, fishing, and forestry occupations",Agricultural workers...............................................................,Animal breeders...................................................................,"1,730",27.00,"56,150",25.00
"Farming, fishing, and forestry occupations",Agricultural workers...............................................................,"Graders and sorters, agricultural products........................................","26,870",17.34,"36,080",17.03
"Farming, fishing, and forestry occupations",Agricultural workers...............................................................,Miscellaneous agricultural workers................................................,"333,040",18.56,"38,610",17.29
"Farming, fishing, and forestry occupations",Agricultural workers...............................................................,Agricultural equipment operators.................................................,"30,940",21.12,"43,920",20.47
"Farming, fishing, and forestry occupations",Agricultural workers...............................................................,"Farmworkers and laborers, crop, nursery, and greenhouse..........................","261,690",18.20,"37,850",17.16
"Farming, fishing, and forestry occupations",Agricultural workers...............................................................,"Farmworkers, farm, ranch, and aquacultural animals...............................","35,420",18.55,"38,580",17.38
"Farming, fishing, and forestry occupations",Agricultural workers...............................................................,"Agricultural workers, all other..................................................","4,980",22.01,"45,780",19.42
"Farming, fishing, and forestry occupations","Forest, conservation, and logging workers..........................................",,"37,740",24.61,"51,180",23.27
"Farming, fishing, and forestry occupations","Forest, conservation, and logging workers..........................................",Forest and conservation workers...................................................,"5,630",20.59,"42,830",21.00
"Farming, fishing, and forestry occupations","Forest, conservation, and logging workers..........................................",Logging workers...................................................................,"32,110",25.31,"52,650",23.82
"Farming, fishing, and forestry occupations","Forest, conservation, and logging workers..........................................",Fallers..........................................................................,"4,110",28.42,"59,120",25.92
"Farming, fishing, and forestry occupations","Forest, conservation, and logging workers..........................................",Logging equipment operators......................................................,"22,520",25.01,"52,020",23.66
"Farming, fishing, and forestry occupations","Forest, conservation, and logging workers..........................................",Log graders and scalers..........................................................,"3,310",23.14,"48,130",22.46
"Farming, fishing, and forestry occupations","Forest, conservation, and logging workers..........................................","Logging workers, all other.......................................................","2,160",25.88,"53,820",25.00
Construction and extraction occupations,,,"6,361,720",30.73,"63,920",28.06
Construction and extraction occupations,Supervisors of construction and extraction workers.................................,,"806,080",40.62,"84,500",37.83
Construction and extraction occupations,Supervisors of construction and extraction workers.................................,First-line supervisors of construction trades and extraction workers..............,"806,080",40.62,"84,500",37.83
Construction and extraction occupations,Construction trades workers........................................................,,"4,691,890",29.60,"61,560",27.16
Construction and extraction occupations,Construction trades workers........................................................,Boilermakers......................................................................,"10,170",36.97,"76,900",35.26
Construction and extraction occupations,Construction trades workers........................................................,"Brickmasons, blockmasons, and stonemasons.........................................","62,260",30.89,"64,240",28.93
Construction and extraction occupations,Construction trades workers........................................................,Brickmasons and blockmasons......................................................,"53,520",31.44,"65,390",29.23
Construction and extraction occupations,Construction trades workers........................................................,Stonemasons......................................................................,"8,750",27.51,"57,220",25.00
Construction and extraction occupations,Construction trades workers........................................................,Carpenters........................................................................,"697,740",30.79,"64,040",28.51
Construction and extraction occupations,Construction trades workers........................................................,"Carpet, floor, and tile installers and finishers..................................","82,710",27.80,"57,830",25.00
Construction and extraction occupations,Construction trades workers........................................................,Carpet installers................................................................,"14,980",26.85,"55,860",23.97
Construction and extraction occupations,Construction trades workers........................................................,"Floor layers, except carpet, wood, and hard tiles................................","24,850",29.11,"60,550",26.13
Construction and extraction occupations,Construction trades workers........................................................,Floor sanders and finishers......................................................,"4,140",24.46,"50,880",23.63
Construction and extraction occupations,Construction trades workers........................................................,Tile and stone setters...........................................................,"38,740",27.69,"57,590",25.11
Construction and extraction occupations,Construction trades workers........................................................,"Cement masons, concrete finishers, and terrazzo workers...........................","206,680",28.55,"59,380",26.30
Construction and extraction occupations,Construction trades workers........................................................,Cement masons and concrete finishers.............................................,"205,230",28.54,"59,360",26.28
Construction and extraction occupations,Construction trades workers........................................................,Terrazzo workers and finishers...................................................,"1,450",29.97,"62,330",27.53
Construction and extraction occupations,Construction trades workers........................................................,Construction laborers.............................................................,"1,057,660",24.64,"51,260",22.47
Construction and extraction occupations,Construction trades workers........................................................,Construction equipment operators..................................................,"518,000",31.10,"64,680",28.04
Construction and extraction occupations,Construction trades workers........................................................,"Paving, surfacing, and tamping equipment operators...............................","45,680",28.20,"58,660",24.83
Construction and extraction occupations,Construction trades workers........................................................,Pile driver operators............................................................,"3,040",37.98,"79,000",33.90
Construction and extraction occupations,Construction trades workers........................................................,Operating engineers and other construction equipment operators...................,"469,270",31.34,"65,180",28.23
Construction and extraction occupations,Construction trades workers........................................................,"Drywall installers, ceiling tile installers, and tapers...........................","95,400",30.68,"63,800",28.27
Construction and extraction occupations,Construction trades workers........................................................,Drywall and ceiling tile installers..............................................,"82,900",30.20,"62,810",27.95
Construction and extraction occupations,Construction trades workers........................................................,Tapers...........................................................................,"12,500",33.84,"70,390",31.11
Construction and extraction occupations,Construction trades workers........................................................,Electricians......................................................................,"742,580",33.47,"69,630",29.98
Construction and extraction occupations,Construction trades workers........................................................,Glaziers..........................................................................,"57,000",28.97,"60,260",26.65
Construction and extraction occupations,Construction trades workers........................................................,Insulation workers................................................................,"64,250",27.63,"57,470",24.39
Construction and extraction occupations,Construction trades workers........................................................,"Insulation workers, floor, ceiling, and wall.....................................","38,610",25.69,"53,440",23.41
Construction and extraction occupations,Construction trades workers........................................................,"Insulation workers, mechanical...................................................","25,640",30.55,"63,540",27.52
Construction and extraction occupations,Construction trades workers........................................................,Painters and paperhangers.........................................................,"225,700",25.82,"53,700",23.39
Construction and extraction occupations,Construction trades workers........................................................,"Painters, construction and maintenance...........................................","224,180",25.82,"53,710",23.40
Construction and extraction occupations,Construction trades workers........................................................,Paperhangers.....................................................................,"1,520",24.95,"51,900",23.20
Construction and extraction occupations,Construction trades workers........................................................,"Pipelayers, plumbers, pipefitters, and steamfitters...............................","489,520",33.11,"68,870",29.91
Construction and extraction occupations,Construction trades workers........................................................,Pipelayers.......................................................................,"33,580",26.09,"54,270",23.42
Construction and extraction occupations,Construction trades workers........................................................,"Plumbers, pipefitters, and steamfitters..........................................","455,940",33.63,"69,940",30.27
Construction and extraction occupations,Construction trades workers........................................................,Plasterers and stucco masons......................................................,"20,880",29.33,"61,000",26.93
Construction and extraction occupations,Construction trades workers........................................................,Reinforcing iron and rebar workers................................................,"14,140",30.11,"62,640",28.50
Construction and extraction occupations,Construction trades workers........................................................,Roofers...........................................................................,"136,740",27.45,"57,090",24.51
Construction and extraction occupations,Construction trades workers........................................................,Sheet metal workers...............................................................,"117,470",31.78,"66,110",29.26
Construction and extraction occupations,Construction trades workers........................................................,Structural iron and steel workers.................................................,"64,720",33.30,"69,270",30.14
Construction and extraction occupations,Construction trades workers........................................................,Solar photovoltaic installers.....................................................,"28,280",27.59,"57,380",24.93
Construction and extraction occupations,"Helpers, construction trades.......................................................",,"186,250",20.74,"43,140",19.44
Construction and extraction occupations,"Helpers, construction trades.......................................................","Helpers, construction trades......................................................","186,250",20.74,"43,140",19.44
Construction and extraction occupations,"Helpers, construction trades.......................................................","Helpers--brickmasons, blockmasons, stonemasons, and tile and marble setters......","15,660",23.91,"49,730",22.35
Construction and extraction occupations,"Helpers, construction trades.......................................................",Helpers--carpenters..............................................................,"24,610",20.23,"42,080",20.00
Construction and extraction occupations,"Helpers, construction trades.......................................................",Helpers--electricians............................................................,"64,440",20.62,"42,900",19.18
Construction and extraction occupations,"Helpers, construction trades.......................................................","Helpers--painters, paperhangers, plasterers, and stucco masons...................","7,220",19.65,"40,880",18.34
Construction and extraction occupations,"Helpers, construction trades.......................................................","Helpers--pipelayers, plumbers, pipefitters, and steamfitters.....................","43,640",20.06,"41,720",18.88
Construction and extraction occupations,"Helpers, construction trades.......................................................",Helpers--roofers.................................................................,"5,170",20.23,"42,070",19.51
Construction and extraction occupations,"Helpers, construction trades.......................................................","Helpers, construction trades, all other..........................................","25,510",21.17,"44,040",19.60
Construction and extraction occupations,Other construction and related workers.............................................,,"464,570",30.15,"62,700",27.17
Construction and extraction occupations,Other construction and related workers.............................................,Construction and building inspectors..............................................,"137,210",36.75,"76,430",34.67
Construction and extraction occupations,Other construction and related workers.............................................,Elevator and escalator installers and repairers...................................,"23,340",50.42,"104,860",51.24
Construction and extraction occupations,Other construction and related workers.............................................,Fence erectors....................................................................,"22,640",24.31,"50,550",22.57
Construction and extraction occupations,Other construction and related workers.............................................,Hazardous materials removal workers...............................................,"50,570",26.80,"55,740",23.31
Construction and extraction occupations,Other construction and related workers.............................................,Highway maintenance workers.......................................................,"151,750",24.72,"51,410",23.59
Construction and extraction occupations,Other construction and related workers.............................................,Rail-track laying and maintenance equipment operators.............................,"16,480",32.82,"68,270",32.39
Construction and extraction occupations,Other construction and related workers.............................................,Septic tank servicers and sewer pipe cleaners.....................................,"29,050",25.35,"52,730",23.62
Construction and extraction occupations,Other construction and related workers.............................................,Miscellaneous construction and related workers....................................,"33,530",25.44,"52,910",23.14
Construction and extraction occupations,Extraction workers.................................................................,,"212,920",28.39,"59,040",26.93
Construction and extraction occupations,Extraction workers.................................................................,"Derrick, rotary drill, and service unit operators, oil and gas....................","68,250",30.45,"63,330",28.68
Construction and extraction occupations,Extraction workers.................................................................,"Derrick operators, oil and gas...................................................","11,040",30.05,"62,490",30.16
Construction and extraction occupations,Extraction workers.................................................................,"Rotary drill operators, oil and gas..............................................","13,090",33.69,"70,080",31.26
Construction and extraction occupations,Extraction workers.................................................................,"Service unit operators, oil and gas..............................................","44,120",29.58,"61,530",27.88
Construction and extraction occupations,Extraction workers.................................................................,Surface mining machine operators and earth drillers...............................,"51,620",28.69,"59,680",26.93
Construction and extraction occupations,Extraction workers.................................................................,"Excavating and loading machine and dragline operators, surface mining............","34,210",27.82,"57,860",25.26
Construction and extraction occupations,Extraction workers.................................................................,"Earth drillers, except oil and gas...............................................","17,410",30.41,"63,260",28.65
Construction and extraction occupations,Extraction workers.................................................................,"Explosives workers, ordnance handling experts, and blasters.......................","5,680",32.13,"66,840",28.42
Construction and extraction occupations,Extraction workers.................................................................,Underground mining machine operators..............................................,"26,170",31.94,"66,430",32.10
Construction and extraction occupations,Extraction workers.................................................................,Continuous mining machine operators..............................................,"14,340",30.73,"63,920",30.47
Construction and extraction occupations,Extraction workers.................................................................,"Roof bolters, mining.............................................................","2,230",35.94,"74,760",36.85
Construction and extraction occupations,Extraction workers.................................................................,"Loading and moving machine operators, underground mining.........................","6,130",32.92,"68,470",33.11
Construction and extraction occupations,Extraction workers.................................................................,"Underground mining machine operators, all other..................................","3,480",32.61,"67,830",32.32
Construction and extraction occupations,Extraction workers.................................................................,"Rock splitters, quarry............................................................","3,080",24.30,"50,540",22.82
Construction and extraction occupations,Extraction workers.................................................................,"Roustabouts, oil and gas..........................................................","45,330",23.59,"49,060",22.84
Construction and extraction occupations,Extraction workers.................................................................,Helpers--extraction workers.......................................................,"6,720",24.20,"50,330",23.27
Construction and extraction occupations,Extraction workers.................................................................,"Extraction workers, all other.....................................................","6,070",26.34,"54,780",24.09
"Installation, maintenance, and repair occupations",,,"6,045,020",29.63,"61,640",27.99
"Installation, maintenance, and repair occupations","Supervisors of installation, maintenance, and repair workers.......................",,"600,680",39.87,"82,930",37.64
"Installation, maintenance, and repair occupations","Supervisors of installation, maintenance, and repair workers.......................","First-line supervisors of mechanics, installers, and repairers....................","600,680",39.87,"82,930",37.64
"Installation, maintenance, and repair occupations","Electrical and electronic equipment mechanics, installers, and repairers...........",,"479,930",31.25,"65,000",29.32
"Installation, maintenance, and repair occupations","Electrical and electronic equipment mechanics, installers, and repairers...........","Computer, automated teller, and office machine repairers..........................","73,010",23.95,"49,820",22.53
"Installation, maintenance, and repair occupations","Electrical and electronic equipment mechanics, installers, and repairers...........",Radio and telecommunications equipment installers and repairers...................,"165,290",32.13,"66,820",30.15
"Installation, maintenance, and repair occupations","Electrical and electronic equipment mechanics, installers, and repairers...........","Radio, cellular, and tower equipment installers and repairers....................","11,400",33.26,"69,180",30.86
"Installation, maintenance, and repair occupations","Electrical and electronic equipment mechanics, installers, and repairers...........","Telecommunications equipment installers and repairers, except line installers....","153,890",32.04,"66,650",30.11
"Installation, maintenance, and repair occupations","Electrical and electronic equipment mechanics, installers, and repairers...........",repairers........................................................................,"241,630",32.86,"68,350",30.35
"Installation, maintenance, and repair occupations","Electrical and electronic equipment mechanics, installers, and repairers...........",Avionics technicians.............................................................,"20,900",39.59,"82,350",39.13
"Installation, maintenance, and repair occupations","Electrical and electronic equipment mechanics, installers, and repairers...........","Electric motor, power tool, and related repairers................................","16,570",27.32,"56,820",25.96
"Installation, maintenance, and repair occupations","Electrical and electronic equipment mechanics, installers, and repairers...........","Electrical and electronics installers and repairers, transportation equipment....","7,310",38.93,"80,980",39.77
"Installation, maintenance, and repair occupations","Electrical and electronic equipment mechanics, installers, and repairers...........","Electrical and electronics repairers, commercial and industrial equipment........","59,990",35.07,"72,950",34.28
"Installation, maintenance, and repair occupations","Electrical and electronic equipment mechanics, installers, and repairers...........","Electrical and electronics repairers, powerhouse, substation, and relay..........","23,040",46.86,"97,460",48.53
"Installation, maintenance, and repair occupations","Electrical and electronic equipment mechanics, installers, and repairers...........","Electronic equipment installers and repairers, motor vehicles....................","10,140",24.16,"50,240",23.05
"Installation, maintenance, and repair occupations","Electrical and electronic equipment mechanics, installers, and repairers...........",Audiovisual equipment installers and repairers...................................,"22,170",26.80,"55,740",24.34
"Installation, maintenance, and repair occupations","Electrical and electronic equipment mechanics, installers, and repairers...........",Security and fire alarm systems installers.......................................,"81,510",28.87,"60,040",28.51
"Installation, maintenance, and repair occupations","Vehicle and mobile equipment mechanics, installers, and repairers..................",,"1,732,480",28.31,"58,880",27.03
"Installation, maintenance, and repair occupations","Vehicle and mobile equipment mechanics, installers, and repairers..................",Aircraft mechanics and service technicians........................................,"136,390",38.84,"80,780",37.83
"Installation, maintenance, and repair occupations","Vehicle and mobile equipment mechanics, installers, and repairers..................",Automotive technicians and repairers..............................................,"863,000",26.82,"55,780",24.02
"Installation, maintenance, and repair occupations","Vehicle and mobile equipment mechanics, installers, and repairers..................",Automotive body and related repairers............................................,"155,220",28.28,"58,830",24.85
"Installation, maintenance, and repair occupations","Vehicle and mobile equipment mechanics, installers, and repairers..................",Automotive glass installers and repairers........................................,"18,940",23.84,"49,580",22.72
"Installation, maintenance, and repair occupations","Vehicle and mobile equipment mechanics, installers, and repairers..................",Automotive service technicians and mechanics.....................................,"688,840",26.57,"55,260",23.88
"Installation, maintenance, and repair occupations","Vehicle and mobile equipment mechanics, installers, and repairers..................",Bus and truck mechanics and diesel engine specialists.............................,"287,230",30.04,"62,480",29.15
"Installation, maintenance, and repair occupations","Vehicle and mobile equipment mechanics, installers, and repairers..................",Heavy vehicle and mobile equipment service technicians and mechanics..............,"235,450",31.57,"65,660",30.16
"Installation, maintenance, and repair occupations","Vehicle and mobile equipment mechanics, installers, and repairers..................",Farm equipment mechanics and service technicians.................................,"36,880",26.58,"55,290",25.04
"Installation, maintenance, and repair occupations","Vehicle and mobile equipment mechanics, installers, and repairers..................","Mobile heavy equipment mechanics, except engines.................................","180,270",32.49,"67,580",30.76
"Installation, maintenance, and repair occupations","Vehicle and mobile equipment mechanics, installers, and repairers..................",Rail car repairers...............................................................,"18,300",32.50,"67,610",31.58
"Installation, maintenance, and repair occupations","Vehicle and mobile equipment mechanics, installers, and repairers..................",Small engine mechanics............................................................,"72,500",24.64,"51,240",23.19
"Installation, maintenance, and repair occupations","Vehicle and mobile equipment mechanics, installers, and repairers..................",Motorboat mechanics and service technicians......................................,"24,250",27.14,"56,450",26.42
"Installation, maintenance, and repair occupations","Vehicle and mobile equipment mechanics, installers, and repairers..................",Motorcycle mechanics.............................................................,"14,010",23.87,"49,650",22.69
"Installation, maintenance, and repair occupations","Vehicle and mobile equipment mechanics, installers, and repairers..................",Outdoor power equipment and other small engine mechanics.........................,"34,240",23.18,"48,200",22.38
"Installation, maintenance, and repair occupations","Vehicle and mobile equipment mechanics, installers, and repairers..................","Miscellaneous vehicle and mobile equipment mechanics, installers, and repairers...","137,920",19.98,"41,560",18.25
"Installation, maintenance, and repair occupations","Vehicle and mobile equipment mechanics, installers, and repairers..................",Bicycle repairers................................................................,"12,590",19.98,"41,550",19.40
"Installation, maintenance, and repair occupations","Vehicle and mobile equipment mechanics, installers, and repairers..................",Recreational vehicle service technicians.........................................,"18,710",26.63,"55,380",24.30
"Installation, maintenance, and repair occupations","Vehicle and mobile equipment mechanics, installers, and repairers..................",Tire repairers and changers......................................................,"106,620",18.82,"39,140",17.85
"Installation, maintenance, and repair occupations","Other installation, maintenance, and repair occupations............................",,"3,231,930",28.20,"58,660",26.34
"Installation, maintenance, and repair occupations","Other installation, maintenance, and repair occupations............................",Control and valve installers and repairers........................................,"74,890",32.60,"67,810",29.61
"Installation, maintenance, and repair occupations","Other installation, maintenance, and repair occupations............................",Mechanical door repairers........................................................,"27,970",26.01,"54,110",24.54
"Installation, maintenance, and repair occupations","Other installation, maintenance, and repair occupations............................","Control and valve installers and repairers, except mechanical door...............","46,920",36.52,"75,970",35.91
"Installation, maintenance, and repair occupations","Other installation, maintenance, and repair occupations............................","Heating, air conditioning, and refrigeration mechanics and installers.............","396,870",30.14,"62,690",28.75
"Installation, maintenance, and repair occupations","Other installation, maintenance, and repair occupations............................",Home appliance repairers..........................................................,"31,940",25.76,"53,580",23.76
"Installation, maintenance, and repair occupations","Other installation, maintenance, and repair occupations............................","Industrial machinery installation, repair, and maintenance workers................","520,240",32.06,"66,680",30.53
"Installation, maintenance, and repair occupations","Other installation, maintenance, and repair occupations............................",Industrial machinery mechanics...................................................,"421,940",32.29,"67,160",30.65
"Installation, maintenance, and repair occupations","Other installation, maintenance, and repair occupations............................","Maintenance workers, machinery...................................................","56,540",29.72,"61,820",29.09
"Installation, maintenance, and repair occupations","Other installation, maintenance, and repair occupations............................",Millwrights......................................................................,"40,660",33.00,"68,640",31.33
"Installation, maintenance, and repair occupations","Other installation, maintenance, and repair occupations............................","Refractory materials repairers, except brickmasons...............................","1,100",29.56,"61,480",28.15
"Installation, maintenance, and repair occupations","Other installation, maintenance, and repair occupations............................",Line installers and repairers.....................................................,"222,040",39.56,"82,280",38.99
"Installation, maintenance, and repair occupations","Other installation, maintenance, and repair occupations............................",Electrical power-line installers and repairers...................................,"123,680",43.32,"90,110",44.50
"Installation, maintenance, and repair occupations","Other installation, maintenance, and repair occupations............................",Telecommunications line installers and repairers.................................,"98,360",34.83,"72,440",33.90
"Installation, maintenance, and repair occupations","Other installation, maintenance, and repair occupations............................",Precision instrument and equipment repairers......................................,"79,540",31.52,"65,560",29.54
"Installation, maintenance, and repair occupations","Other installation, maintenance, and repair occupations............................",Camera and photographic equipment repairers......................................,"2,010",25.69,"53,420",23.70
"Installation, maintenance, and repair occupations","Other installation, maintenance, and repair occupations............................",Medical equipment repairers......................................................,"60,830",32.12,"66,810",30.11
"Installation, maintenance, and repair occupations","Other installation, maintenance, and repair occupations............................",Musical instrument repairers and tuners..........................................,"5,730",23.57,"49,020",21.79
"Installation, maintenance, and repair occupations","Other installation, maintenance, and repair occupations............................",Watch and clock repairers........................................................,"1,300",30.03,"62,450",29.18
"Installation, maintenance, and repair occupations","Other installation, maintenance, and repair occupations............................","Precision instrument and equipment repairers, all other..........................","9,680",33.86,"70,420",32.25
"Installation, maintenance, and repair occupations","Other installation, maintenance, and repair occupations............................","Maintenance and repair workers, general...........................................","1,531,700",25.21,"52,430",23.38
"Installation, maintenance, and repair occupations","Other installation, maintenance, and repair occupations............................",Wind turbine service technicians..................................................,"11,220",32.49,"67,580",30.09
"Installation, maintenance, and repair occupations","Other installation, maintenance, and repair occupations............................","Miscellaneous installation, maintenance, and repair workers.......................","363,490",24.70,"51,380",22.58
"Installation, maintenance, and repair occupations","Other installation, maintenance, and repair occupations............................","Coin, vending, and amusement machine servicers and repairers.....................","28,260",23.33,"48,530",22.77
"Installation, maintenance, and repair occupations","Other installation, maintenance, and repair occupations............................",Commercial divers................................................................,"3,430",37.55,"78,110",29.39
"Installation, maintenance, and repair occupations","Other installation, maintenance, and repair occupations............................",Locksmiths and safe repairers....................................................,"15,550",26.54,"55,200",24.27
"Installation, maintenance, and repair occupations","Other installation, maintenance, and repair occupations............................",Manufactured building and mobile home installers.................................,"2,610",20.49,"42,620",19.75
"Installation, maintenance, and repair occupations","Other installation, maintenance, and repair occupations............................",Riggers..........................................................................,"24,190",32.02,"66,600",29.84
"Installation, maintenance, and repair occupations","Other installation, maintenance, and repair occupations............................",Signal and track switch repairers................................................,"8,210",40.84,"84,940",40.19
"Installation, maintenance, and repair occupations","Other installation, maintenance, and repair occupations............................","Helpers--installation, maintenance, and repair workers...........................","97,540",19.59,"40,750",18.68
"Installation, maintenance, and repair occupations","Other installation, maintenance, and repair occupations............................","Installation, maintenance, and repair workers, all other.........................","183,690",25.61,"53,270",23.39
Production occupations,,,"8,743,450",24.08,"50,090",22.09
Production occupations,Supervisors of production workers..................................................,,"685,140",35.84,"74,540",34.23
Production occupations,Supervisors of production workers..................................................,First-line supervisors of production and operating workers........................,"685,140",35.84,"74,540",34.23
Production occupations,Assemblers and fabricators.........................................................,,"1,874,550",22.06,"45,890",20.95
Production occupations,Assemblers and fabricators.........................................................,"Aircraft structure, surfaces, rigging, and systems assemblers.....................","32,890",31.98,"66,510",29.65
Production occupations,Assemblers and fabricators.........................................................,"Electrical, electronics, and electromechanical assemblers.........................","273,300",22.15,"46,070",21.26
Production occupations,Assemblers and fabricators.........................................................,"Coil winders, tapers, and finishers..............................................","12,170",23.53,"48,940",22.72
Production occupations,Assemblers and fabricators.........................................................,"tapers, and finishers...........................................................","261,140",22.08,"45,930",21.17
Production occupations,Assemblers and fabricators.........................................................,Engine and other machine assemblers...............................................,"38,420",26.94,"56,040",25.26
Production occupations,Assemblers and fabricators.........................................................,Structural metal fabricators and fitters..........................................,"53,380",25.36,"52,740",23.99
Production occupations,Assemblers and fabricators.........................................................,Fiberglass laminators and fabricators.............................................,"18,520",22.75,"47,320",22.00
Production occupations,Assemblers and fabricators.........................................................,Timing device assemblers and adjusters............................................,230,20.39,"42,410",19.61
Production occupations,Assemblers and fabricators.........................................................,Miscellaneous assemblers and fabricators..........................................,"1,457,800",21.57,"44,860",20.29
Production occupations,Food processing workers............................................................,,"857,260",19.27,"40,090",18.37
Production occupations,Food processing workers............................................................,Bakers............................................................................,"231,890",18.11,"37,670",17.62
Production occupations,Food processing workers............................................................,"Butchers and other meat, poultry, and fish processing workers.....................","348,630",19.28,"40,110",18.51
Production occupations,Food processing workers............................................................,Butchers and meat cutters........................................................,"140,040",19.86,"41,300",18.73
Production occupations,Food processing workers............................................................,"Meat, poultry, and fish cutters and trimmers.....................................","141,090",18.58,"38,640",18.13
Production occupations,Food processing workers............................................................,Slaughterers and meat packers....................................................,"67,500",19.57,"40,710",19.13
Production occupations,Food processing workers............................................................,Miscellaneous food processing workers.............................................,"276,740",20.23,"42,090",19.26
Production occupations,Food processing workers............................................................,"Food and tobacco roasting, baking, and drying machine operators and tenders......","19,500",21.22,"44,140",20.54
Production occupations,Food processing workers............................................................,Food batchmakers.................................................................,"171,660",20.59,"42,830",19.61
Production occupations,Food processing workers............................................................,Food cooking machine operators and tenders.......................................,"27,660",20.16,"41,930",19.49
Production occupations,Food processing workers............................................................,"Food processing workers, all other...............................................","57,920",18.88,"39,260",18.47
Production occupations,Metal workers and plastic workers..................................................,,"1,599,780",25.02,"52,050",23.39
Production occupations,Metal workers and plastic workers..................................................,"Forming machine setters, operators, and tenders, metal and plastic................","96,810",23.59,"49,060",22.82
Production occupations,Metal workers and plastic workers..................................................,"Extruding and drawing machine setters, operators, and tenders, metal and plastic.","65,700",23.16,"48,170",22.59
Production occupations,Metal workers and plastic workers..................................................,"Forging machine setters, operators, and tenders, metal and plastic...............","8,760",24.47,"50,900",23.67
Production occupations,Metal workers and plastic workers..................................................,"Rolling machine setters, operators, and tenders, metal and plastic...............","22,350",24.49,"50,940",23.38
Production occupations,Metal workers and plastic workers..................................................,"Machine tool cutting setters, operators, and tenders, metal and plastic...........","282,640",22.84,"47,500",22.05
Production occupations,Metal workers and plastic workers..................................................,plastic.........................................................................,"174,430",22.62,"47,060",21.92
Production occupations,Metal workers and plastic workers..................................................,plastic.........................................................................,"5,310",24.20,"50,330",22.42
Production occupations,Metal workers and plastic workers..................................................,"and tenders, metal and plastic..................................................","70,110",22.41,"46,600",21.73
Production occupations,Metal workers and plastic workers..................................................,plastic.........................................................................,"18,970",24.13,"50,190",23.38
Production occupations,Metal workers and plastic workers..................................................,"Milling and planing machine setters, operators, and tenders, metal and plastic...","13,810",25.45,"52,940",23.22
Production occupations,Metal workers and plastic workers..................................................,Machinists........................................................................,"298,790",27.59,"57,390",27.00
Production occupations,Metal workers and plastic workers..................................................,"Metal furnace operators, tenders, pourers, and casters............................","26,160",26.91,"55,960",26.01
Production occupations,Metal workers and plastic workers..................................................,Metal-refining furnace operators and tenders.....................................,"20,330",27.55,"57,290",26.81
Production occupations,Metal workers and plastic workers..................................................,"Pourers and casters, metal.......................................................","5,830",24.68,"51,320",23.53
Production occupations,Metal workers and plastic workers..................................................,"Model makers and patternmakers, metal and plastic.................................","4,800",30.41,"63,250",28.62
Production occupations,Metal workers and plastic workers..................................................,"Model makers, metal and plastic..................................................","3,230",31.65,"65,840",30.14
Production occupations,Metal workers and plastic workers..................................................,"Patternmakers, metal and plastic.................................................","1,570",27.85,"57,930",26.22
Production occupations,Metal workers and plastic workers..................................................,"Molders and molding machine setters, operators, and tenders, metal and plastic....","167,540",21.32,"44,340",20.14
Production occupations,Metal workers and plastic workers..................................................,Foundry mold and coremakers......................................................,"12,720",22.55,"46,910",21.97
Production occupations,Metal workers and plastic workers..................................................,and plastic.....................................................................,"154,820",21.22,"44,130",19.82
Production occupations,Metal workers and plastic workers..................................................,"Multiple machine tool setters, operators, and tenders, metal and plastic..........","129,850",23.36,"48,590",22.14
Production occupations,Metal workers and plastic workers..................................................,Tool and die makers...............................................................,"55,130",31.30,"65,100",30.38
Production occupations,Metal workers and plastic workers..................................................,"Welding, soldering, and brazing workers...........................................","460,340",26.27,"54,640",24.31
Production occupations,Metal workers and plastic workers..................................................,"Welders, cutters, solderers, and brazers.........................................","424,040",26.49,"55,100",24.52
Production occupations,Metal workers and plastic workers..................................................,"Welding, soldering, and brazing machine setters, operators, and tenders..........","36,290",23.69,"49,270",22.62
Production occupations,Metal workers and plastic workers..................................................,Miscellaneous metal workers and plastic workers...................................,"77,710",22.84,"47,500",21.66
Production occupations,Metal workers and plastic workers..................................................,"Heat treating equipment setters, operators, and tenders, metal and plastic.......","14,590",23.57,"49,030",22.81
Production occupations,Metal workers and plastic workers..................................................,"Layout workers, metal and plastic................................................","5,610",31.62,"65,770",29.74
Production occupations,Metal workers and plastic workers..................................................,"Plating machine setters, operators, and tenders, metal and plastic...............","31,510",21.07,"43,820",20.00
Production occupations,Metal workers and plastic workers..................................................,"Tool grinders, filers, and sharpeners............................................","5,730",24.90,"51,790",23.54
Production occupations,Metal workers and plastic workers..................................................,"Metal workers and plastic workers, all other.....................................","20,270",22.05,"45,850",20.56
Production occupations,Printing workers...................................................................,,"204,640",22.24,"46,260",21.55
Production occupations,Printing workers...................................................................,Printing workers..................................................................,"204,640",22.24,"46,260",21.55
Production occupations,Printing workers...................................................................,Prepress technicians and workers.................................................,"23,070",23.62,"49,130",22.74
Production occupations,Printing workers...................................................................,Printing press operators.........................................................,"145,110",22.41,"46,620",21.71
Production occupations,Printing workers...................................................................,Print binding and finishing workers..............................................,"36,470",20.69,"43,040",19.14
Production occupations,"Textile, apparel, and furnishings workers..........................................",,"464,330",17.78,"36,970",17.11
Production occupations,"Textile, apparel, and furnishings workers..........................................",Laundry and dry-cleaning workers..................................................,"195,360",16.34,"33,990",16.25
Production occupations,"Textile, apparel, and furnishings workers..........................................","Pressers, textile, garment, and related materials.................................","26,830",16.04,"33,370",16.29
Production occupations,"Textile, apparel, and furnishings workers..........................................",Sewing machine operators..........................................................,"109,590",17.64,"36,680",17.31
Production occupations,"Textile, apparel, and furnishings workers..........................................",Shoe and leather workers..........................................................,"10,910",17.58,"36,560",17.53
Production occupations,"Textile, apparel, and furnishings workers..........................................",Shoe and leather workers and repairers...........................................,"7,640",17.44,"36,280",17.29
Production occupations,"Textile, apparel, and furnishings workers..........................................",Shoe machine operators and tenders...............................................,"3,270",17.90,"37,230",18.35
Production occupations,"Textile, apparel, and furnishings workers..........................................","Tailors, dressmakers, and sewers..................................................","18,540",20.64,"42,930",19.03
Production occupations,"Textile, apparel, and furnishings workers..........................................","Sewers, hand.....................................................................","2,240",16.74,"34,810",16.23
Production occupations,"Textile, apparel, and furnishings workers..........................................","Tailors, dressmakers, and custom sewers..........................................","16,290",21.18,"44,050",19.64
Production occupations,"Textile, apparel, and furnishings workers..........................................","Textile machine setters, operators, and tenders...................................","49,910",18.66,"38,820",18.17
Production occupations,"Textile, apparel, and furnishings workers..........................................",Textile bleaching and dyeing machine operators and tenders.......................,"5,820",18.75,"39,000",17.94
Production occupations,"Textile, apparel, and furnishings workers..........................................","Textile cutting machine setters, operators, and tenders..........................","8,960",18.51,"38,500",18.24
Production occupations,"Textile, apparel, and furnishings workers..........................................","Textile knitting and weaving machine setters, operators, and tenders.............","14,530",18.97,"39,470",18.40
Production occupations,"Textile, apparel, and furnishings workers..........................................",tenders.........................................................................,"20,600",18.48,"38,440",18.11
Production occupations,"Textile, apparel, and furnishings workers..........................................","Miscellaneous textile, apparel, and furnishings workers...........................","53,200",22.42,"46,630",21.00
Production occupations,"Textile, apparel, and furnishings workers..........................................",glass fibers....................................................................,"14,900",22.80,"47,420",21.63
Production occupations,"Textile, apparel, and furnishings workers..........................................",Fabric and apparel patternmakers.................................................,"2,860",34.44,"71,630",32.54
Production occupations,"Textile, apparel, and furnishings workers..........................................",Upholsterers.....................................................................,"20,990",22.58,"46,960",22.21
Production occupations,"Textile, apparel, and furnishings workers..........................................","Textile, apparel, and furnishings workers, all other.............................","14,450",19.43,"40,410",17.79
Production occupations,Woodworkers........................................................................,,"207,380",21.40,"44,520",20.98
Production occupations,Woodworkers........................................................................,Cabinetmakers and bench carpenters................................................,"79,540",22.82,"47,460",22.12
Production occupations,Woodworkers........................................................................,Furniture finishers...............................................................,"14,230",21.31,"44,310",20.45
Production occupations,Woodworkers........................................................................,"Model makers and patternmakers, wood..............................................",530,28.44,"59,160",24.96
Production occupations,Woodworkers........................................................................,"Model makers, wood...............................................................",360,28.74,"59,780",24.93
Production occupations,Woodworkers........................................................................,"Patternmakers, wood..............................................................",180,27.84,"57,920",25.25
Production occupations,Woodworkers........................................................................,"Woodworking machine setters, operators, and tenders...............................","106,490",20.35,"42,330",19.38
Production occupations,Woodworkers........................................................................,"Sawing machine setters, operators, and tenders, wood.............................","43,140",20.38,"42,390",19.21
Production occupations,Woodworkers........................................................................,"Woodworking machine setters, operators, and tenders, except sawing...............","63,350",20.33,"42,290",19.44
Production occupations,Woodworkers........................................................................,"Woodworkers, all other............................................................","6,590",21.03,"43,730",19.82
Production occupations,Plant and system operators.........................................................,,"287,720",36.29,"75,480",34.01
Production occupations,Plant and system operators.........................................................,"Power plant operators, distributors, and dispatchers..............................","45,630",49.09,"102,100",49.81
Production occupations,Plant and system operators.........................................................,Nuclear power reactor operators..................................................,"5,720",59.05,"122,830",58.95
Production occupations,Plant and system operators.........................................................,Power distributors and dispatchers...............................................,"9,180",52.70,"109,620",51.56
Production occupations,Plant and system operators.........................................................,Power plant operators............................................................,"30,720",46.15,"95,990",47.92
Production occupations,Plant and system operators.........................................................,Stationary engineers and boiler operators.........................................,"30,780",38.32,"79,710",36.15
Production occupations,Plant and system operators.........................................................,Water and wastewater treatment plant and system operators.........................,"126,750",29.15,"60,620",28.01
Production occupations,Plant and system operators.........................................................,Miscellaneous plant and system operators..........................................,"84,560",39.35,"81,840",39.39
Production occupations,Plant and system operators.........................................................,Chemical plant and system operators..............................................,"17,840",36.68,"76,290",35.35
Production occupations,Plant and system operators.........................................................,Gas plant operators..............................................................,"15,910",41.09,"85,470",40.10
Production occupations,Plant and system operators.........................................................,"Petroleum pump system operators, refinery operators, and gaugers.................","34,860",43.74,"90,970",46.90
Production occupations,Plant and system operators.........................................................,"Plant and system operators, all other............................................","15,950",31.00,"64,490",29.67
Production occupations,Other production occupations.......................................................,,"2,562,640",23.57,"49,030",22.10
Production occupations,Other production occupations.......................................................,"Chemical processing machine setters, operators, and tenders.......................","181,610",27.89,"58,020",26.01
Production occupations,Other production occupations.......................................................,Chemical equipment operators and tenders.........................................,"127,410",28.75,"59,800",27.45
Production occupations,Other production occupations.......................................................,"operators, and tenders..........................................................","54,200",25.88,"53,830",23.80
Production occupations,Other production occupations.......................................................,"Crushing, grinding, polishing, mixing, and blending workers.......................","141,240",23.72,"49,330",22.65
Production occupations,Other production occupations.......................................................,"Crushing, grinding, and polishing machine setters, operators, and tenders........","28,550",23.75,"49,400",22.54
Production occupations,Other production occupations.......................................................,"Grinding and polishing workers, hand.............................................","11,850",20.94,"43,550",20.04
Production occupations,Other production occupations.......................................................,"Mixing and blending machine setters, operators, and tenders......................","100,840",24.04,"49,990",22.92
Production occupations,Other production occupations.......................................................,Cutting workers...................................................................,"54,610",22.04,"45,840",21.70
Production occupations,Other production occupations.......................................................,"Cutters and trimmers, hand.......................................................","7,070",20.17,"41,960",18.65
Production occupations,Other production occupations.......................................................,"Cutting and slicing machine setters, operators, and tenders......................","47,540",22.32,"46,420",21.97
Production occupations,Other production occupations.......................................................,tenders..........................................................................,"57,310",22.62,"47,040",21.70
Production occupations,Other production occupations.......................................................,"Furnace, kiln, oven, drier, and kettle operators and tenders......................","16,160",23.68,"49,250",22.60
Production occupations,Other production occupations.......................................................,"Inspectors, testers, sorters, samplers, and weighers..............................","591,180",24.84,"51,670",22.82
Production occupations,Other production occupations.......................................................,Jewelers and precious stone and metal workers.....................................,"23,420",26.46,"55,030",23.63
Production occupations,Other production occupations.......................................................,Dental and ophthalmic laboratory technicians and medical appliance technicians....,"64,150",24.04,"49,990",22.03
Production occupations,Other production occupations.......................................................,Dental laboratory technicians....................................................,"33,920",25.99,"54,060",23.23
Production occupations,Other production occupations.......................................................,Medical appliance technicians....................................................,"11,490",24.72,"51,410",22.63
Production occupations,Other production occupations.......................................................,Ophthalmic laboratory technicians................................................,"18,740",20.08,"41,760",18.47
Production occupations,Other production occupations.......................................................,Packaging and filling machine operators and tenders...............................,"383,860",20.98,"43,630",19.67
Production occupations,Other production occupations.......................................................,Painting workers..................................................................,"167,960",24.63,"51,230",22.79
Production occupations,Other production occupations.......................................................,"Painting, coating, and decorating workers........................................","8,470",21.22,"44,130",19.64
Production occupations,Other production occupations.......................................................,"Coating, painting, and spraying machine setters, operators, and tenders..........","159,500",24.81,"51,610",22.88
Production occupations,Other production occupations.......................................................,Semiconductor processing technicians..............................................,"32,150",28.68,"59,640",24.60
Production occupations,Other production occupations.......................................................,Photographic process workers and processing machine operators.....................,"5,550",22.14,"46,050",19.28
Production occupations,Other production occupations.......................................................,Computer numerically controlled tool operators and programmers....................,"205,190",26.56,"55,240",24.68
Production occupations,Other production occupations.......................................................,Computer numerically controlled tool operators...................................,"176,950",25.43,"52,900",24.02
Production occupations,Other production occupations.......................................................,Computer numerically controlled tool programmers.................................,"28,230",33.60,"69,880",31.57
Production occupations,Other production occupations.......................................................,Miscellaneous production workers..................................................,"638,250",21.27,"44,250",19.69
Production occupations,Other production occupations.......................................................,Adhesive bonding machine operators and tenders...................................,"12,170",21.96,"45,670",21.74
Production occupations,Other production occupations.......................................................,"Cleaning, washing, and metal pickling equipment operators and tenders............","13,890",20.86,"43,380",19.93
Production occupations,Other production occupations.......................................................,Cooling and freezing equipment operators and tenders.............................,"6,590",21.29,"44,290",19.31
Production occupations,Other production occupations.......................................................,Etchers and engravers............................................................,"8,390",20.81,"43,280",19.45
Production occupations,Other production occupations.......................................................,"Molders, shapers, and casters, except metal and plastic..........................","34,750",22.47,"46,730",21.97
Production occupations,Other production occupations.......................................................,"Paper goods machine setters, operators, and tenders..............................","96,950",24.88,"51,750",23.75
Production occupations,Other production occupations.......................................................,Tire builders....................................................................,"20,970",27.03,"56,230",26.72
Production occupations,Other production occupations.......................................................,Helpers--production workers......................................................,"167,490",19.27,"40,080",18.38
Production occupations,Other production occupations.......................................................,"Production workers, all other....................................................","277,060",20.64,"42,940",18.66
Transportation and material moving occupations,,,"13,645,620",23.44,"48,750",20.55
Transportation and material moving occupations,Supervisors of transportation and material moving workers..........................,,"615,680",31.58,"65,680",29.76
Transportation and material moving occupations,Supervisors of transportation and material moving workers..........................,First-line supervisors of transportation and material moving workers..............,"615,680",31.58,"65,680",29.76
Transportation and material moving occupations,Supervisors of transportation and material moving workers..........................,Aircraft cargo handling supervisors..............................................,"10,160",31.82,"66,190",30.74
Transportation and material moving occupations,Supervisors of transportation and material moving workers..........................,aircraft cargo handling supervisors.............................................,"605,510",31.57,"65,670",29.76
Transportation and material moving occupations,Air transportation workers.........................................................,,"320,280",(²),"155,670",(²)
Transportation and material moving occupations,Air transportation workers.........................................................,Aircraft pilots and flight engineers..............................................,"151,130",(²),"233,380",(²)
Transportation and material moving occupations,Air transportation workers.........................................................,"Airline pilots, copilots, and flight engineers...................................","99,300",(²),"280,570",(²)
Transportation and material moving occupations,Air transportation workers.........................................................,Commercial pilots................................................................,"51,830",(²),"142,960",(²)
Transportation and material moving occupations,Air transportation workers.........................................................,Air traffic controllers and airfield operations specialists.......................,"39,040",53.13,"110,500",47.56
Transportation and material moving occupations,Air transportation workers.........................................................,Air traffic controllers..........................................................,"22,400",68.62,"142,740",69.51
Transportation and material moving occupations,Air transportation workers.........................................................,Airfield operations specialists..................................................,"16,640",32.27,"67,120",27.28
Transportation and material moving occupations,Air transportation workers.........................................................,Flight attendants.................................................................,"130,110",(²),"78,950",(²)
Transportation and material moving occupations,Motor vehicle operators............................................................,,"4,328,760",24.89,"51,770",23.40
Transportation and material moving occupations,Motor vehicle operators............................................................,"Ambulance drivers and attendants, except emergency medical technicians............","12,080",17.09,"35,550",16.51
Transportation and material moving occupations,Motor vehicle operators............................................................,Driver/sales workers and truck drivers............................................,"3,482,310",25.56,"53,170",23.82
Transportation and material moving occupations,Motor vehicle operators............................................................,Driver/sales workers.............................................................,"417,420",19.07,"39,670",17.85
Transportation and material moving occupations,Motor vehicle operators............................................................,Heavy and tractor-trailer truck drivers..........................................,"2,070,480",28.08,"58,400",27.62
Transportation and material moving occupations,Motor vehicle operators............................................................,Light truck drivers..............................................................,"994,410",23.05,"47,950",21.22
Transportation and material moving occupations,Motor vehicle operators............................................................,Passenger vehicle drivers.........................................................,"784,030",22.36,"46,500",21.89
Transportation and material moving occupations,Motor vehicle operators............................................................,"Bus drivers, school..............................................................","387,920",22.44,"46,660",22.62
Transportation and material moving occupations,Motor vehicle operators............................................................,"Bus drivers, transit and intercity...............................................","148,980",28.07,"58,390",27.61
Transportation and material moving occupations,Motor vehicle operators............................................................,Shuttle drivers and chauffeurs...................................................,"229,630",18.79,"39,070",17.63
Transportation and material moving occupations,Motor vehicle operators............................................................,Taxi drivers.....................................................................,"17,510",18.90,"39,310",17.42
Transportation and material moving occupations,Motor vehicle operators............................................................,"Motor vehicle operators, all other................................................","50,330",19.70,"40,980",17.43
Transportation and material moving occupations,Rail transportation workers........................................................,,"101,190",36.10,"75,090",36.53
Transportation and material moving occupations,Rail transportation workers........................................................,Locomotive engineers and operators................................................,"35,300",38.27,"79,600",37.21
Transportation and material moving occupations,Rail transportation workers........................................................,Locomotive engineers.............................................................,"31,990",39.20,"81,540",37.21
Transportation and material moving occupations,Rail transportation workers........................................................,"Rail yard engineers, dinkey operators, and hostlers..............................","3,300",29.23,"60,810",27.90
Transportation and material moving occupations,Rail transportation workers........................................................,"Railroad brake, signal, and switch operators and locomotive firers................","12,460",30.37,"63,170",31.48
Transportation and material moving occupations,Rail transportation workers........................................................,Railroad conductors and yardmasters...............................................,"42,710",36.29,"75,490",35.62
Transportation and material moving occupations,Rail transportation workers........................................................,Subway and streetcar operators....................................................,"9,200",36.36,"75,620",40.78
Transportation and material moving occupations,Rail transportation workers........................................................,"Rail transportation workers, all other............................................","1,520",25.72,"53,500",23.72
Transportation and material moving occupations,Water transportation workers.......................................................,,"77,710",38.54,"80,150",31.97
Transportation and material moving occupations,Water transportation workers.......................................................,Sailors and marine oilers.........................................................,"31,360",26.59,"55,320",23.85
Transportation and material moving occupations,Water transportation workers.......................................................,Ship and boat captains and operators..............................................,"37,770",45.67,"95,000",39.62
Transportation and material moving occupations,Water transportation workers.......................................................,"Captains, mates, and pilots of water vessels.....................................","35,390",46.95,"97,660",41.13
Transportation and material moving occupations,Water transportation workers.......................................................,Motorboat operators..............................................................,"2,380",26.62,"55,370",24.94
Transportation and material moving occupations,Water transportation workers.......................................................,Ship engineers....................................................................,"8,580",50.77,"105,600",48.71
Transportation and material moving occupations,Other transportation workers.......................................................,,"330,140",19.54,"40,640",17.34
Transportation and material moving occupations,Other transportation workers.......................................................,Bridge and lock tenders...........................................................,"2,720",27.17,"56,520",28.12
Transportation and material moving occupations,Other transportation workers.......................................................,Parking attendants................................................................,"134,650",16.44,"34,190",16.63
Transportation and material moving occupations,Other transportation workers.......................................................,Transportation service attendants.................................................,"125,580",18.03,"37,510",17.31
Transportation and material moving occupations,Other transportation workers.......................................................,Automotive and watercraft service attendants.....................................,"98,270",17.21,"35,800",16.76
Transportation and material moving occupations,Other transportation workers.......................................................,Aircraft service attendants......................................................,"27,310",20.98,"43,630",19.97
Transportation and material moving occupations,Other transportation workers.......................................................,Traffic technicians...............................................................,"7,580",29.48,"61,310",28.12
Transportation and material moving occupations,Other transportation workers.......................................................,Transportation inspectors.........................................................,"23,320",41.58,"86,490",41.23
Transportation and material moving occupations,Other transportation workers.......................................................,Passenger attendants..............................................................,"25,340",18.50,"38,480",18.06
Transportation and material moving occupations,Other transportation workers.......................................................,"Transportation workers, all other.................................................","10,960",21.65,"45,040",19.05
Transportation and material moving occupations,Material moving workers............................................................,,"7,871,860",19.76,"41,100",18.43
Transportation and material moving occupations,Material moving workers............................................................,Conveyor operators and tenders....................................................,"26,060",21.54,"44,800",19.82
Transportation and material moving occupations,Material moving workers............................................................,Crane and tower operators.........................................................,"42,000",34.40,"71,560",31.91
Transportation and material moving occupations,Material moving workers............................................................,Dredge operators..................................................................,"1,030",26.84,"55,820",23.28
Transportation and material moving occupations,Material moving workers............................................................,Hoist and winch operators.........................................................,"2,480",30.81,"64,070",25.15
Transportation and material moving occupations,Material moving workers............................................................,Industrial truck and tractor operators............................................,"805,770",23.00,"47,830",22.30
Transportation and material moving occupations,Material moving workers............................................................,Laborers and material movers......................................................,"6,784,150",19.08,"39,690",18.07
Transportation and material moving occupations,Material moving workers............................................................,Cleaners of vehicles and equipment...............................................,"373,960",17.45,"36,290",16.96
Transportation and material moving occupations,Material moving workers............................................................,"Laborers and freight, stock, and material movers, hand...........................","2,982,530",19.91,"41,420",18.72
Transportation and material moving occupations,Material moving workers............................................................,Machine feeders and offbearers...................................................,"46,690",20.60,"42,840",19.09
Transportation and material moving occupations,Material moving workers............................................................,"Packers and packagers, hand......................................................","601,440",17.59,"36,600",17.10
Transportation and material moving occupations,Material moving workers............................................................,Stockers and order fillers.......................................................,"2,779,530",18.71,"38,910",17.83
Transportation and material moving occupations,Material moving workers............................................................,Pumping station operators.........................................................,"35,060",32.40,"67,400",30.74
Transportation and material moving occupations,Material moving workers............................................................,Gas compressor and gas pumping station operators.................................,"5,110",34.50,"71,750",34.38
Transportation and material moving occupations,Material moving workers............................................................,"Pump operators, except wellhead pumpers..........................................","12,600",29.78,"61,950",28.86
Transportation and material moving occupations,Material moving workers............................................................,Wellhead pumpers.................................................................,"17,350",33.69,"70,070",33.66
Transportation and material moving occupations,Material moving workers............................................................,Refuse and recyclable material collectors.........................................,"139,180",24.62,"51,210",23.24
Transportation and material moving occupations,Material moving workers............................................................,"Tank car, truck, and ship loaders.................................................","10,920",28.85,"60,010",27.92
Transportation and material moving occupations,Material moving workers............................................................,"Material moving workers, all other................................................","25,190",22.43,"46,650",20.04
